Term,Frequency
1,12
0,8
Zukunft,39
Respekt,19
Europa,50
Anfang,4
Jahrzehnts,1
21,5
Jahrhunderts,2
stehen,23
Deutschland,50
Welt,29
gewaltigen,2
Aufgaben,10
Corona,27
Krise,25
drängende,1
Fragen,8
teils,2
überlagert,1
stärker,15
Fokus,3
gerückt,1
Gelingt,1
Arbeit,45
Wohlstand,5
sichern,24
Vollbeschäftigung,3
sorgen,31
finden,7
bleiben,10
Überwinden,1
wachsende,3
Ungleichheit,4
nehmen,11
höchsten,2
Einkommen,22
Perspektiven,2
Lasten,3
Risiken,2
Schultern,1
liegen,3
wehren,1
gelingen,3
Leben,28
Wirtschaften,4
verändern,3
menschengemachten,1
Klimawandel,9
aufhalten,1
Nehmen,1
Gestaltung,2
digitalen,21
Wandels,4
demokratische,7
Gesellschaft,47
Hand,9
bleibt,15
Entwicklung,24
wenigen,2
Technologiekonzernen,1
diktiert,1
Sorgen,2
gleiche,9
Teilhabe,14
Zusammenhalt,9
auseinanderdriftet,1
Populisten,1
Nationalisten,1
leichtes,1
Spiel,2
Jahrzehnt,5
beginnt,1
Herausforderung,6
Pandemie,15
Bürger,43
innen,136
Unternehmen,42
bedeutet,8
harte,2
Einschränkungen,1
Umso,1
bemerkenswerter,1
Bereitschaft,3
Solidarität,12
üben,1
schützen,14
Einschnitte,2
persönliche,3
Freiheit,10
akzeptieren,1
nächsten,4
Monate,3
Rückkehr,4
Normalität,1
ermöglichen,23
Beschränkungen,1
öffentlichen,17
privaten,3
Lebens,4
Zug,3
überwindet,1
begleiten,3
Vieles,1
Erfahrung,2
kollektive,3
Gedächtnis,1
einschreiben,1
erfahren,3
Begegnung,2
Dauer,1
ersetzen,2
gelernt,2
digital,8
zusammenarbeiten,1
kommunizieren,2
mittlerweile,1
erkannt,1
unabdingbar,1
vieler,2
tägliches,1
Überleben,1
Wertschätzung,3
Bezahlung,2
Sicherheit,15
bekommen,6
verdienen,7
eindringlich,1
bestätigt,2
Familien,13
krisenfeste,3
verlässliche,7
Infrastruktur,13
Bildung,21
Betreuung,2
Angeboten,2
Kinder,37
Jugendarbeit,4
angewiesen,7
überwinden,5
braucht,18
gemeinsame,16
Anstrengungen,2
neuer,9
Mut,1
wachsen,1
zuversichtlich,1
angehen,2
ausbauen,23
erarbeitet,2
bewältigen,4
schaffen,47
Chancen,11
gerecht,4
verteilen,2
zusammenhalten,2
Gefahr,4
Spaltung,2
begegnen,3
Sozialdemokrat,1
entschlossen,1
meisten,2
unserem,6
Land,10
eint,1
Bedürfnis,2
Zuversicht,3
sichere,5
entsteht,3
Vertrauen,5
Einfluss,5
entwickelt,6
mitbestimmen,1
Richtung,3
Spürbar,1
gewachsenen,1
Bewusstsein,1
ökologische,4
Verantwortung,18
dringenden,1
Sorge,5
schwindenden,1
wachsenden,2
Kritik,2
überaus,1
deutlich,16
Gewinnmaximierung,1
Kostenminimierung,1
Maß,1
Dinge,2
Wirtschaft,17
Gesundheitssystem,5
Bildungssystem,2
Justiz,5
wichtigen,2
Bereichen,10
Kante,1
genäht,1
stabil,2
widrigen,1
Umständen,1
krisenhaften,1
Situationen,1
dransetzen,1
Stabilität,2
verdanken,1
beeindruckenden,1
demokratischen,6
Grundwerten,1
Akzeptanz,1
Begeisterung,1
Institutionen,5
entstehen,6
Transparenz,6
Beteiligung,11
Verschiedenheit,2
Lebensentwürfe,1
wichtigsten,1
Grundlagen,6
Vielfalt,8
unschätzbarer,1
Gewinn,3
unseren,14
Parlamenten,1
Formaten,1
angemessen,4
widerspiegelt,1
Vergleich,1
Ländern,14
wirtschaftlich,4
gilt,19
fehlt,3
Gewissheit,2
Politik,13
beitragen,4
überwunden,2
Wandel,10
garantiert,1
kurzer,1
Blick,8
Spätestens,1
2045,4
klimaneutral,4
wirtschaften,3
Windkraft,1
Sonne,2
Energiequellen,1
unterstützt,8
saubere,1
Wasserstoffwirtschaft,2
Öffentliche,1
Gebäude,2
Schulen,9
Supermärkte,1
beziehen,3
Solarstrom,1
klimafreundliches,1
Unternehmertum,1
finanziell,4
belohnt,1
sehen,6
Jahrhundertaufgabe,1
riesige,1
Potenziale,4
Arbeitsplätze,12
erfolgreich,5
Exporteur,1
umweltfreundlicher,1
Technologien,7
gelungen,1
Produktionsprozesse,4
nachhaltig,8
20er,2
erneuerbaren,10
Energien,13
sozial,15
ökologischen,10
Umbau,5
meistern,3
wirtschaftlichen,6
Erfolg,5
zukünftig,6
Bruttoinlandsprodukt,1
messen,1
Wohlergehen,1
gesamten,2
Natur,4
richten,3
Nachhaltigkeitszielen,1
Vereinten,8
Nationen,8
SDG,1
Deutsche,5
Nachhaltigkeitsstrategie,1
weiterentwickeln,21
Staat,9
maßgebliche,1
Impulse,2
kluge,1
Spielregeln,1
soziale,20
technische,3
Innovationen,10
hervorbringen,1
Förderung,24
Wissenschaft,5
Forschung,10
massive,3
stetige,1
Investitionen,13
moderne,1
aktive,4
Regionen,10
Beschäftigten,18
Besonderen,1
zukunftsfähig,2
geschaffen,6
Gesellschaftsvertrag,1
sorgt,3
abgehängt,1
2,21
erneuern,1
Augen,2
geführt,2
Alltag,6
bislang,4
knapp,3
reicht,2
Kassierer,1
Supermarkt,2
Busfahrer,1
Reinigungskräfte,1
Pflegekräfte,1
Erzieher,2
Anerkennung,8
guten,6
Arbeitsbedingungen,13
niederschlägt,1
kämpfen,2
wertvoll,1
funktionierender,1
Sozialstaat,7
erlebt,2
bemühen,1
sozialen,17
Folgen,4
bestmöglich,3
verschiedene,1
Maßnahmen,10
abzumildern,1
tragfähiges,1
Kurzarbeitergeld,2
Erkennbar,1
vollendeten,1
Gleichstellung,6
Männern,6
Frauen,23
zeigte,1
unvermittelt,1
alte,2
Rollenmodelle,1
zurückversetzt,1
gesehen,1
unzureichenden,1
Absicherung,9
Künstler,4
Selbstständigen,2
überteuerten,1
Wohnungen,1
Ballungszentren,1
mangelnden,1
ländlichen,8
Raum,10
heißt,3
Verwirklichungschancen,1
sicheres,2
Wohnung,7
Kita,6
Platz,1
Zugang,20
kostenloser,1
Mobilität,9
Kultur,14
Sport,5
schnellen,1
Internetanschluss,1
digitale,19
Dienste,2
Zivilgesellschaft,9
Gesundheitsversorgung,5
Mitbestimmung,3
Arbeitsleben,1
Rente,9
Pflege,16
Alter,7
Grundrechte,1
Voraussetzungen,3
Familie,9
treten,6
gegenseitigem,2
getragen,2
frei,4
Vorurteilen,1
gleichermaßen,4
respektiert,1
schulden,1
egal,2
studiert,1
woanders,1
Osten,2
Westen,1
geboren,1
weiblich,1
männlich,1
divers,1
jung,1
alt,1
arm,3
reich,1
Behinderung,6
einzelnen,1
Unterschied,1
Zusammenhalts,2
stellen,9
Hass,4
Hetze,4
jedweder,1
Art,4
Ausgrenzung,1
Diskriminierung,9
Erstarken,1
rechtsextremer,1
Kräfte,4
Entschiedenheit,1
entgegen,5
gleichwertige,3
Lebensverhältnisse,5
gehört,13
deutsche,3
Einheit,4
vollenden,1
Ungleichgewicht,1
Metropole,1
Peripherie,1
traditionellen,1
Industrieregionen,1
Boom,1
Zonen,1
Stadt,3
reduzieren,4
zeigen,2
Herausforderungen,9
gesellschaftlicher,2
Transformationsprozesse,1
Strukturwandels,1
spezifisch,1
ostdeutschen,2
Lebenserfahrungen,1
Lebensleistungen,2
zentral,2
Demokratie,21
stärken,41
Ziel,37
Sichtbarkeit,1
Ostdeutschen,1
erhöhen,3
3,23
Grenzenlos,1
reisen,1
arbeiten,12
studieren,1
leben,12
Europäische,6
Union,8
EU,34
Millionen,4
geprägt,2
Möglichkeiten,12
Freiheiten,1
eröffnet,1
unermesslichen,1
Wert,4
kultureller,2
Gesellschaften,2
erlebbar,1
gezeigt,8
gemeinsam,9
erreichen,9
ankommen,2
globalem,1
Wettbewerb,8
geprägten,1
Umfeld,1
europäischen,19
Werte,3
Interessen,5
behaupten,2
geeint,1
außen,1
handlungsfähig,2
Rechtstaatlichkeit,1
modernsten,2
Klimaschutz,7
Vorreiter,1
souveränes,2
Basis,11
wertebasierten,1
Wirtschafts,3
Innovationskraft,2
sozialsten,1
nachhaltigsten,1
wettbewerbsfähigsten,1
Wirtschaftsraum,1
unseres,4
Wohlstands,1
Gerechtigkeit,2
Menschenrechte,8
geschlossen,5
gerechtere,2
friedlichere,1
nachhaltigere,1
einsetzt,1
miteinander,2
humanitäre,3
solidarische,4
Flüchtlingspolitik,2
gewährleisten,6
Rechtsstaatlichkeit,4
Fundament,3
Gemeinschaft,2
zulassen,1
nationalistischer,1
populistische,2
spalten,2
Beginn,4
schnell,8
kraftvoll,1
gehandelt,1
größten,4
Wiederaufbaufonds,2
Geschichte,2
Europäischen,11
gebracht,2
Solidarleistung,1
abmildert,1
gleichzeitig,5
vorantreibt,1
fördert,4
bekommt,1
weltweite,3
neues,6
aufbauen,7
wirtschaftliche,3
politische,5
verhindern,4
4,10
wählen,2
vieles,3
erreicht,3
Regierungskoalition,1
Erfolge,1
tragen,5
erkennbar,1
sozialdemokratische,1
Handschrift,1
zählen,1
Verlängerung,2
Erhöhung,4
Kurzarbeitergelds,1
Kinderbonus,1
Kinderzuschlags,1
Geld,4
Ausbau,13
Ausgestaltung,2
Konjunkturpakets,1
Schwerpunkten,1
Stabilisierung,1
Sicherung,8
Transformation,9
deutliche,1
Einschränkung,2
Werkvertrags,1
Leiharbeit,2
Fleischindustrie,1
Grundrente,2
Mindestausbildungsvergütung,1
Brückenteilzeit,2
Abschaffung,2
Soli,1
Zuschlags,1
niedrige,1
mittlere,5
durchgesetzt,2
anstehenden,1
Bundestagswahl,1
Richtungsfragen,1
abbauen,5
Sozialleistungen,1
kürzen,1
setzen,50
Konzept,4
ermöglicht,7
kommenden,4
Krisen,4
trotzen,1
ansparen,2
Lebensbereiche,2
Gesetzen,1
Marktes,1
unterwerfen,1
zentrale,9
Zukunftsmissionen,4
konkreten,2
Investitionsschwerpunkten,1
Streben,1
werben,2
Programm,3
Zukunftsprogramm,6
SPD,8
Kapitel,5
lebenswerte,1
Entwicklungen,4
geändert,1
gestoppt,1
erhalten,26
Klima,7
Umwelt,6
sicher,7
entfalten,2
Eindruck,1
staatliches,2
Handeln,2
Reparaturbetrieb,1
gleicht,1
Schraube,1
gedreht,1
Klein,2
Bewältigung,4
Zukunftsaufgaben,3
benennen,1
Bedeutung,15
Kampf,8
Digitalisierung,16
anpacken,2
modernisieren,4
High,1
Tech,3
Schlüsselbranchen,1
fördern,46
Lebensgrundlagen,2
Umsetzung,15
Missionen,2
hohes,1
Niveau,2
öffentlicher,5
ökologisch,2
ausgerichtete,3
Finanzpolitik,2
Zusammenwirken,1
Gewerkschaften,8
voranbringen,7
klimafreundlichen,1
Infrastrukturausbau,1
Grundlage,9
gesamtgesellschaftlichen,1
Infrastrukturkonsenses,1
gestalten,8
zeigt,3
Anspruch,12
modernen,6
kooperativen,2
Regierens,1
Zukunftsmission,5
Klimaneutrales,1
stoppen,2
Menschheitsaufgabe,1
richtet,2
Klimaabkommen,2
Paris,1
globale,7
Erderwärmung,3
möglichst,7
5,7
Grad,4
Celsius,2
begrenzen,4
gesetzt,3
spätestens,5
komplett,1
Klimaschutzgesetz,1
gesorgt,7
konkret,1
bietet,4
wirkungsvollen,1
Kontrollmechanismus,1
Erreichung,1
Klimaziele,1
Einklang,3
Klimazielen,1
Minderungsziel,2
2030,15
65,1
anheben,1
2040,2
festschreiben,1
88,1
Ziele,11
praktische,1
umzusetzen,2
Ausstieg,4
Atomenergie,1
Jahres,2
vollzogen,1
Kohleausstieg,1
beschlossene,2
schneller,5
Stromerzeugung,2
erfolgt,1
nötigen,3
Stromleitungen,1
Verteilnetze,1
gebaut,1
desto,3
eher,1
fossile,1
Energieträger,2
verzichtet,1
Wahlperiode,1
aufs,2
Gleis,1
umfassenden,4
Strukturhilfen,2
verbunden,2
zügig,1
umsetzen,8
historische,2
Entscheidungen,9
Arbeitsmarkt,7
starke,8
industrielle,1
hervorgehen,2
gezielt,7
investieren,4
klimaneutrales,2
Jobmotor,1
Rahmen,16
Klimapolitik,1
Klimawandels,3
profitieren,4
Nachsehen,1
geringsten,1
CO2,11
Bilanz,1
Arbeiten,3
negativen,1
Auswirkungen,2
Energieversorgung,1
Deutschlands,4
basiert,1
vollständig,5
effizient,1
beheizt,1
Industrie,4
Weltmärkten,1
weiterhin,8
führend,1
neutral,2
produziert,1
exportiert,1
klimaneutrale,4
Aufgabe,10
Jahrzehnte,5
treibhausgasneutral,1
Strom,5
Strombedarf,1
Jahrzehnten,3
steigen,2
anstatt,1
fossiler,1
Verkehr,4
einsetzen,10
brauchen,32
jährlich,3
ungefähr,1
10,2
tWh,1
zusätzlich,4
entspricht,1
Stromverbrauch,1
Hamburg,1
entschlossenen,1
Ausbaus,1
richtigen,1
getroffen,3
Stromnetze,2
Steigerung,1
Energieeffizienz,1
Aufbau,6
Speichertechnologien,1
Wasserstoffproduktion,1
Transportnetzes,1
klimafreundliche,5
Modernisierung,3
Wohngebäuden,1
Fabriken,1
Erneuerbarer,1
Sektoren,1
eingesetzt,2
direkte,3
Elektrifizierung,2
sinnvoll,1
Mengen,2
Wasserstoff,6
benötigen,4
stößt,1
Verbrennung,1
keinerlei,1
Treibhausgase,1
speicherbar,1
reichlich,1
vorhanden,1
lässt,1
Aufspaltung,1
Wasser,1
Sauerstoff,1
erzeugen,1
sauberen,1
großindustriell,1
hergestelltem,1
Maßstab,1
Klimaneutralität,2
Tempo,1
Bahnstrecken,2
Wasserstoffleitungen,1
Ladesäulen,2
Elektroautos,3
Infrastrukturen,4
Bedarf,2
vorausgehen,1
Planungen,1
nachhaltigen,9
2025,2
hinausreichen,1
Ort,7
beispielsweise,6
Energiegenossenschaften,1
Herzstück,2
Energiepolitik,1
Zukunftspakt,1
Bund,15
Kommunen,27
kommunalen,2
Spitzenverbänden,1
vereinbaren,1
verbindliche,5
Ausbauziele,1
erneuerbare,2
Wind,1
Geothermie,1
Energiewende,2
Win,2
Situation,1
laden,1
Gemeinden,3
Mitmachen,1
Mieterstrom,1
gemeinschaftliche,1
Eigenversorgung,1
kommunale,2
Beteiligungsmodelle,1
ausweiten,6
nachhaltige,11
Stromanleihen,1
auflegen,6
klar,5
Branchen,1
beschlossen,1
betroffenen,2
Bergbauregionen,1
hinaus,12
Unterstützung,16
Wertschöpfung,1
zukunftsfähiger,1
oberste,1
Priorität,3
Wiedernutzbarmachung,1
Nachsorge,1
bergbaulicher,1
Flächen,3
geeigneten,1
Dächer,1
Solaranlage,2
Schritt,7
Gebäuden,2
gewerblichen,1
Neubauten,1
Solar,1
erzeugt,1
Schule,6
Rathaus,1
innovative,2
Formen,3
integrierte,3
Photovoltaik,1
Gebäudehülle,1
landwirtschaftlichen,1
strategische,1
Energiepartnerschaften,1
Umstieg,2
Energie,5
effizienter,2
nutzen,14
Energieeffizienzziele,1
standards,1
2021,1
Zuge,2
nationalen,5
Emissionshandels,1
Preis,3
Kombination,1
Umweltbonus,1
Kauf,1
Förderprogrammen,1
Heizungstausch,1
Alternativen,2
attraktiver,3
Einsatz,9
erneuerbarer,2
Gebäudewärme,1
unterstützen,55
Sektorenkopplung,1
EEG,1
Umlage,1
bestehenden,2
Form,7
abschaffen,11
Bundeshaushalt,1
finanzieren,5
dienen,1
Einnahmen,4
Bepreisung,1
Maßnahme,1
leistet,2
Beitrag,9
gerechten,4
Finanzierung,13
Stromrechnung,1
sinkt,1
niedrigen,1
Hintertreffen,2
geraten,3
Ansteigen,1
Preises,1
gerechte,5
Ausgleichsmaßnahmen,1
Pro,1
Kopf,2
Bonus,2
prüfen,3
Gebäudesektor,1
schrittweise,4
lenken,3
Vermieter,3
motivieren,1
Bestands,1
Mietwohnungsbau,1
Häuser,1
Heiz,1
Energiesysteme,1
Wärmepumpen,1
versorgt,1
gesetzliche,5
Regelungen,7
orientieren,5
Warmmieten,1
Neutralität,1
Wärmenetze,1
Quartierskonzepte,1
staatlich,4
langfristig,5
angelegten,1
Industriestrategie,2
Planungssicherheit,1
Verbindung,2
European,1
Green,1
Deal,1
gesamteuropäische,1
Lösung,2
eingebettet,1
klimaschonende,1
Investitionsförderung,1
derzeitigen,2
höheren,1
Kosten,3
klimaschonenden,1
ausgleichen,1
klima,1
umweltschädliche,1
Subventionen,1
Markt,4
umweltfreundliche,5
Ausgangsmaterialien,1
öffentliche,14
Bauherr,1
Straßen,1
ausschließlich,3
Grundmaterialien,1
Bauten,1
beschaffen,1
Industrien,1
Verlagerung,2
Produktion,5
Emissionen,2
Ausland,3
maßgeschneiderte,1
Instrumente,4
unattraktiver,1
internationalen,11
Industriestrompreis,1
wettbewerbsfähig,3
Ressourcen,4
länger,5
verschwenderisch,1
umgehen,3
Kreislaufwirtschaft,2
umbauen,1
Menge,1
Abfall,1
produzieren,2
Recycling,1
Rohstoffsicherungskonzept,1
erarbeiten,4
Lieferung,1
Rohstoffe,1
Schlüsselindustrien,2
konkrete,4
Transformationsziele,1
entwickeln,11
Leitmarkt,1
Wasserstofftechnologien,1
Erzeugung,1
Stahl,1
arme,1
PKWs,1
LKWs,1
Schiffs,1
Flugverkehr,1
II,1
Modernstes,1
Mobilitätssystem,2
Europas,11
zuverlässig,1
klimafreundlich,1
gelangen,1
denken,1
neu,9
Nachhaltig,1
bezahlbar,3
barrierefrei,2
verlässlich,1
Bus,2
Bahn,4
Rad,1
Dennoch,1
Auto,2
wichtig,7
Schadstoffausstoß,1
null,1
reduziert,2
Mission,1
Verkehrswende,1
modernste,1
klimafreundlichste,1
gesamtstaatliche,1
Bundesregierung,4
leisten,7
Länder,21
Pflicht,5
nimmt,5
Mobilitätsgarantie,1
wohnortnahen,2
Anschluss,1
Mobilitätsdienstleistungen,2
vernetzte,2
Mobilitätsangebote,1
Plattformen,11
nutzbar,2
Modelle,1
365,1
Euro,11
Ticket,1
Modellprojekte,1
ticketfreien,1
Nahverkehr,2
Mobilitätsplan,1
bringen,3
Personennahverkehr,1
Schienenverkehr,2
bringt,3
Austauschprogramme,1
Busse,1
Bahnen,1
fahren,2
vorhandenen,2
Flotten,1
modernisiert,1
Förderprogramme,1
geändertes,1
Straßenverkehrsrecht,1
Städten,6
Fläche,2
Fußgänger,1
Radfahrer,2
Straßenverkehr,1
Sinne,6
Vision,2
Zero,1
sicherer,3
insbesondere,17
Knotenpunkten,1
Einrichtung,3
barrierefreien,2
Mobilitätsstationen,1
urbane,1
Verkehrsmittel,1
umsteigen,1
nationale,3
Leitstelle,1
einrichten,6
Erarbeitung,1
regionaler,2
Mobilitätspläne,1
frühzeitige,2
sicherstellt,4
Schwerpunkt,2
verkehrspolitischen,1
Agenda,2
Bahnfahren,1
innereuropäisch,1
günstiger,1
Fliegen,1
rasch,1
Deutschlandtakt,1
Europatakt,1
Hierfür,4
Neubau,3
Schienennetzes,2
Lärmschutz,1
Attraktivitätssteigerung,1
Bahnhöfen,1
Großstädte,1
ans,1
Fernverkehrsnetz,1
anzuschließen,1
schnelle,1
Nachtzugverbindungen,1
Nachbarländer,1
etablieren,5
Attraktivität,2
Nahverkehrs,1
verbessern,20
Angebot,3
Qualität,7
Zügen,2
Bussen,1
Reaktivierung,1
alter,2
engere,1
Taktungen,1
komfortablere,1
Züge,1
flächendeckendem,1
LAN,1
Reservierungsmöglichkeit,1
Sitzplätze,1
mindestens,13
75,1
Prozent,11
elektrifizieren,1
Schiene,3
digitalisieren,1
elektrifizierte,1
Strecken,1
Nutzungen,1
wasserstoffbetriebenen,1
Garant,2
verlässlicher,1
integrierten,5
Konzern,1
öffentlichem,1
Eigentum,2
Verpflichtung,3
Tariftreue,1
Personalübergang,1
Betreiberwechsel,1
Gewährleistung,1
Vergaberecht,1
Fairness,1
Kerngeschäft,1
Transports,1
Personen,4
Gütern,2
konzentriert,2
gemeinwohlorientierte,3
ausrichtet,1
Schienengüterverkehr,2
Erneuerung,1
Loks,1
Waggons,1
Kostennachteile,1
Straße,1
parallel,1
Kapazitätsaufbau,1
verringern,3
Wasserstraßen,1
Güterverkehr,1
LKW,1
Binnenschifffahrt,1
verlagern,1
elektrischen,1
Antrieben,1
aktiv,3
Automobilindustrie,1
Leitindustrie,1
mittelständischen,2
Zulieferer,1
Arbeitsplätzen,1
gesichert,4
Verkehrs,1
massiv,1
15,5
PKW,1
voll,1
elektrisch,1
Zentrum,3
Batteriezellenfertigung,1
Recyclings,1
gebrauchter,1
Batterien,1
Schwerlastverkehr,1
Brennstoffzelle,1
wichtige,15
Rolle,10
spielen,3
hierzu,2
Automobil,1
Zulieferindustrie,1
Umstellung,1
Erschließung,1
Geschäftsfelder,1
Gemeinsam,2
Sozialpartnern,2
lokalen,2
Akteuren,3
regionale,3
Transformationscluster,1
qualifizierte,1
bezahlte,1
Beschäftigung,8
Stromtanken,1
einfach,2
Tanken,1
Benzin,1
Diesel,1
Fortschritt,3
vierteljährlich,1
evaluieren,1
nötig,4
Versorgungsauflagen,1
staatlichem,1
notwendige,4
Erreichbarkeit,1
Ladepunkten,1
herstellen,1
Tempolimit,1
130,1
km,1
Bundesautobahnen,1
einführen,16
schützt,4
senkt,1
Unfallzahlen,1
Zusätzlich,2
Pilotprojekte,2
vorantreiben,7
Schiffe,1
Flugzeuge,1
Laster,1
klimaschädliches,1
ausstoßen,1
verbinden,2
Projekten,3
umweltfreundlichen,1
III,1
Digitale,3
Souveränität,3
Weltniveau,1
verfügen,2
durchgängig,1
digitalisierte,1
Verwaltung,3
Selbstbestimmung,3
Mündigkeit,1
Leitbild,3
zugutekommen,1
bezahlbarer,1
Internetzugang,1
Jahrhundert,3
unverzichtbar,7
2020er,1
Gigabit,2
mittelständische,2
global,2
agieren,1
schnelles,1
Internet,4
Versprechen,1
einzuhalten,2
Versorgung,11
Haushalte,4
Bandbreite,1
pro,5
Sekunde,1
garantieren,3
gesetzlich,5
festgelegte,1
Versorgungsverpflichtungen,1
entsprechende,5
Zwischenziele,1
Netzbetreiber,1
moderner,2
bürgernaher,1
einfachen,2
Dienstleistungen,8
Bereitstellung,1
digitaler,5
Verwaltungsdienstleistungen,1
Verwaltungsleistungen,1
verfügbar,1
Zusatzkosten,1
Extrageräte,1
Möglichkeit,9
Leistungen,12
freiwillig,2
datenschutzkonform,1
Identität,2
Leistung,2
automatisch,2
Antrag,1
einfacher,5
Klick,1
beantragen,1
Modell,6
Life,1
Chain,1
Berechtigungen,1
vergeben,2
löschen,1
somit,1
kontrollieren,1
Daten,10
zugreift,1
Öffentlich,1
finanzierte,2
Software,3
Open,6
Source,3
transparent,3
öffentlich,5
zugänglich,10
verfolgen,5
erstklassig,1
ausgestattet,2
Schüler,3
digitales,3
Endgerät,1
Verfügung,5
DigitalPakt,1
Konjunkturpaket,1
Lehrmittelfreiheit,1
getan,2
Modernisierungsprogramm,1
Bundes,8
aufsetzen,2
sowohl,3
Sanierungsbedarf,1
Schulgebäude,1
Ausstattung,4
umfasst,2
einfache,1
unbürokratische,1
Grundausstattung,1
besonderen,2
Ganztagsschule,1
legen,3
bessere,9
Koordinierung,1
Unterrichts,1
Lehr,4
Lernmaterialien,2
inklusive,5
ganzheitliche,1
Plattform,3
Digitalpakt,2
beauftragt,1
finanziert,3
künftig,6
länderübergreifend,1
Unterrichtskonzepte,1
dezentral,1
vernetzt,1
Medienkompetenz,2
Kindern,10
Jugendlichen,5
zentrales,2
Notwendig,2
System,4
eingestellten,1
Medien,7
offenen,4
prüft,1
sichert,2
datenschutzkonformer,1
intelligenter,1
Lernsoftware,1
Lernprozesse,1
individualisieren,1
Lehrkräfte,2
fortzubilden,2
entlasten,3
Binnendifferenzierung,1
Unterricht,1
Fortbildung,1
Lehrkräften,1
Schlüssel,2
bundesweit,4
Kompetenzzentren,1
Lehren,1
Lernen,3
Digitales,1
Persönlichkeitsbildung,1
sozialer,4
Kompetenzen,5
pädagogischen,1
stärkenorientierten,1
Ansatz,1
Jugendhilfe,6
einbeziehen,4
frühkindliche,2
Netz,6
geringem,1
Studierende,2
Sozialtarif,1
Netzzugang,1
Barrierefreiheit,4
befähigt,1
Weiterbildung,8
Generationen,1
Volkshochschulen,2
ideale,1
Orte,3
kostengünstig,3
inklusiv,3
Förderprogramm,1
begrüßen,5
Überlegungen,1
Medienplattform,1
Qualitätsinhalte,1
rechtlichen,5
grenzüberschreitend,2
Folge,2
Partnerschaften,1
Museen,3
Kultureinrichtungen,3
Ebenfalls,1
verstärkte,1
Veröffentlichung,1
Inhalten,2
freien,3
Lizenzen,1
Nutzung,3
Inhalte,2
freier,1
Wissensprojekte,1
Wikipedia,1
Schulunterricht,1
leichter,2
Verbraucher,7
Plattformkonzerne,1
Monopolisten,2
bedrohen,2
neigen,1
nationalstaatliche,1
Regeln,4
Mitgliedsstaaten,1
präzise,1
Regulierung,2
alternative,2
Angebote,6
hoher,1
Datensouveränität,1
geben,10
echten,3
lokale,1
Anbieter,1
Nutzerdaten,1
geschützt,2
Nutzer,1
bestimmen,3
geschieht,1
Marktmacht,1
einzelner,1
schadet,1
letztlich,1
voraus,2
präventives,1
proaktives,1
Wettbewerbs,3
Kartellrecht,2
verstärkt,6
vorbeugende,2
Kontrollen,2
integrieren,3
Zudem,10
europäische,20
übermächtigen,1
zähmen,1
notfalls,1
entflechten,1
Grundlegend,2
notwendig,8
hierfür,4
Bewahrung,1
Netzneutralität,1
einstehen,2
verschiedenen,2
Messenger,1
Diensten,2
Netzwerken,1
wechseln,1
Interoperabilität,1
vorschreiben,1
selbstbestimmte,4
Herstellung,2
notwendigen,2
Komponenten,2
Bauteile,1
US,4
chinesische,1
Hersteller,3
Netzwerksicherheit,1
entscheiden,7
gemeinsamen,9
Kraftakt,1
strategisch,3
aufbaut,1
gezielte,2
koordinierte,2
deutschen,5
Digitalwirtschaft,1
Technologie,1
Ebenen,10
entlang,3
Wertschöpfungsketten,2
Halbleiter,1
Fertigung,1
Quantentechnologie,1
Cloud,2
Künstliche,4
Intelligenz,4
Edge,1
Computing,1
Cyber,2
vertrauenswürdiger,1
Hard,1
Netzwerktechnik,1
datenbasierten,1
Geschäftsmodellen,1
hierbei,1
basierten,1
Modellen,1
Datengesetz,1
Gemeinwohl,2
Mittelpunkt,2
rückt,1
vertrauenswürdige,1
Teilen,3
Datentreuhänder,1
Konzerne,2
teilen,1
Rückschlüsse,1
einzelne,3
Aufträge,1
vergibt,1
bestehen,2
Auftrages,1
erhoben,1
zurückfließen,2
Anonymisierungstechniken,1
strafbewehrte,1
Verbote,2
De,1
Anonymisierung,1
Datenteilen,1
gutem,1
vorangehen,2
breiten,1
Datenzugang,1
Data,1
Behörden,2
Online,2
Handel,7
Plattformökonomie,1
dramatisch,1
Digitalkonzerne,1
regionalen,2
steuerlich,1
Onlinehandel,2
Handelsplattformen,1
Haftung,1
genommen,2
Händler,1
Geschäfte,1
abwickeln,1
Umsatzsteuer,1
zahlen,4
konsequent,15
Steuerbetrug,2
vorgehen,4
Lohn,4
Sozial,3
Umweltdumping,1
Algorithmen,4
vorgeschlagen,1
Songs,1
Turnschuhe,1
Routen,1
Selbstlernende,1
Systeme,2
treffen,2
Vielzahl,1
erleichtern,5
diskriminierungsfrei,2
angelegt,1
Zielsetzung,1
algorithmischen,1
Entscheidung,3
überprüfbar,1
definiert,1
stringente,1
Aufsicht,3
Cybersicherheit,1
erfolgreiche,2
Bundesamt,1
Informationstechnik,1
unabhängige,3
präventiv,1
Cybersicherheitsbehörde,1
Verschlüsselungsforschung,1
verpflichten,1
Softwareprodukte,1
Geräte,1
konzipieren,1
Security,2
by,3
Design,1
Standardeinstellungen,1
sicherste,1
Variante,1
Default,1
Hintertüren,1
gehalten,2
informationelle,1
Datenschutzgrundverordnung,1
wichtiger,6
Meilenstein,1
Durchsetzung,3
praxisnah,2
verbessert,3
ausgestattete,3
effektiv,2
arbeitende,1
Datenschutzaufsichtsbehörden,1
Privatheit,1
Datenschutz,2
individuelle,2
Freiheitsräume,1
Bundesverfassungsgericht,1
geurteilt,1
Freiheitswahrnehmung,1
Summe,1
staatlichen,10
Überwachungsmaßnahmen,1
total,1
erfasst,4
registriert,1
dauerhaftes,3
regelmäßiges,1
unabhängiges,1
Monitoring,1
Gesetze,4
Sicherheitsbereich,1
anonyme,1
pseudonyme,1
Netzes,1
Journalist,4
Freiheitskämpfer,1
Verfolgung,5
Bedrohung,3
Klarnamenpflicht,1
anonymen,1
pseudonymen,1
Voraussetzung,6
freie,5
Meinungsäußerung,1
beste,1
Schutz,13
Diskriminierungen,1
technisch,2
Verschlüsselung,1
selbstverständlich,3
Einzelner,1
konsequentes,1
Vorgehen,2
Hasskriminalität,1
Betrug,1
Straftaten,4
begangenen,2
personell,1
hinreichend,1
Strafverfolgungsbehörden,1
hinreichenden,1
tatsächlichen,1
Anhaltspunkten,1
Straftat,1
Verdächtige,1
identifiziert,1
Schutzvorschriften,1
Strafgesetzbuch,1
Netzwerkdurchsetzungsgesetz,1
europäischer,12
Ebene,8
Digital,2
Service,1
Act,1
Vorgaben,2
ziviles,1
Engagement,11
Kommunikation,2
Geltung,5
verschaffen,2
Organisationen,3
IV,1
Update,2
fr,2
Gesundheit,6
Gesundheitssektor,2
Aufmerksamkeit,1
Reformen,2
klares,1
galt,1
Apotheke,1
klügsten,1
Forscher,1
fanden,1
Instituten,1
sammelten,1
Nobelpreise,1
unumstritten,1
weltbeste,1
Medizinindustrie,1
hierzulande,1
aufgebaut,2
versorgte,1
Kranke,1
denkbaren,1
Heilmitteln,1
Aspirin,1
Impfstoff,2
Tuberkulose,1
Abwanderung,1
Arzneimittelproduktion,1
zunehmende,2
Abhängigkeit,2
Lieferengpässen,1
Versorgungsengpässen,1
führen,9
Therapieoptionen,1
Methoden,1
aktuell,1
BioNtech,1
Gesundheitswirtschaft,4
reiner,1
Staates,1
retten,1
Krisensituationen,1
Bereithaltung,1
Verteilung,3
notwendiger,1
Arznei,1
Medizinprodukten,1
Medikamente,1
ärmeren,1
überteuert,1
personalisierten,1
Medizin,2
erschwinglichen,1
Preisen,3
Maßgefertigte,1
Produkte,6
Präparate,1
Stange,1
adaptiven,1
Zulassung,1
Medikamenten,2
Personalisierte,1
bewirkt,1
Veränderung,1
Verhältnis,1
Behandlung,3
Diagnostik,1
diagnostischer,1
Test,1
Medikament,1
angeboten,3
Sicherstellungsauftrag,2
Männer,4
besondere,6
gesundheitliche,2
Bedürfnisse,1
Prävention,5
berücksichtigt,3
Gesundheitsforschung,1
Ausbildung,14
Versorgungspraxis,1
zumeist,1
weißen,1
männlichen,1
erwachsenen,1
Probanden,1
ändern,4
Programme,4
Krankheitsfrüherkennung,1
Besonderheiten,1
verschiedener,1
Altersgruppen,2
Geschlechter,4
berücksichtigen,4
qualitativ,1
hochwertige,3
Neuordnung,1
Rollenverteilung,1
ambulantem,1
stationärem,1
Sektor,1
Überwindung,4
Sektorengrenzen,1
Koordination,1
Kooperation,3
medizinischen,5
psychotherapeutischen,1
pflegerischen,2
Berufe,5
stärkere,3
Öffnung,2
Krankenhäusern,2
ambulante,2
teambasierte,1
interdisziplinäre,1
Gesundheitsdienst,2
Rahmenbedingungen,6
Hardware,1
konkurrenzfähige,1
Vergütung,3
sozialpolitisch,2
wichtigste,2
Schwächeren,1
Gesundheitsfragen,1
gemeistert,1
Verbesserung,4
Diagnosen,1
flächendeckende,3
entschlossener,1
Versorgungsqualität,1
Effizienz,1
Fachkräfte,2
geeignete,2
dominieren,1
hervorragendes,1
engagiertes,1
medizinisches,1
psychotherapeutisches,1
pflegerisches,1
Personal,2
medizinischer,2
psychotherapeutischer,1
Pfleger,2
niedergelassenen,1
Ärztin,1
Weiterbildungs,2
Unterstützungsangebote,1
unerlässlich,1
zudem,11
Patientendaten,1
höchste,1
einräumen,2
leistungsfähiges,2
stabile,2
Steuerzuschüsse,1
Investitionsmittel,1
klaren,1
Zielvorgaben,1
Reform,3
Systems,2
Bürgerversicherung,2
hohe,6
Ware,1
sicherstellen,4
Bedürfnissen,2
entsprechen,1
vernünftige,2
Löhne,7
Professionelle,1
höchst,1
anspruchsvoller,1
Beruf,7
Personalmangels,1
Stellen,3
abgewertet,1
Kommerzialisierung,1
Gesundheitswesen,1
beenden,3
wirkt,1
negativ,2
Patient,1
Gewinne,1
Mitteln,2
Solidargemeinschaft,2
erwirtschaftet,1
verpflichtend,1
weitestgehend,2
Betreiben,1
Versorgungszentren,3
Fallpauschalen,3
Prüfstand,1
Pauschalen,1
überarbeiten,2
Grundkosten,1
Krankenhäuser,3
Stärkung,8
Gemeinwohls,1
individuellen,2
Kinderkliniken,1
außerhalb,4
Ballungsräume,1
rechnen,1
Jugendmedizin,1
strukturieren,1
psychotherapeutische,1
Jugendliche,13
Erwachsene,5
niedrigschwellig,1
Wartezeiten,1
Insgesamt,1
bedarfsgerechte,1
Grundfinanzierung,1
Kliniken,1
Erhalt,3
Notfallversorgung,1
zukunftsfähige,3
fdern,2
bahnbrechende,1
vorausschauend,1
handelnde,1
gegeben,2
langen,1
Linien,1
beschreiben,1
Innovationstreiber,2
verstehen,2
Wettbewerbsfähigkeit,1
wesentlichen,1
formulieren,1
konzentrieren,3
strategischen,1
Investor,1
Ordnungs,1
Gestaltungskraft,1
Nachfragemacht,1
Zukunftsfelder,1
Legislaturperiode,1
durchgesetzte,1
Investitionsniveau,1
50,1
Milliarden,2
fortsetzen,2
Investitionskraft,2
beteiligen,4
strukturschwachen,2
Gemeinschaftsaufgabe,1
Wirtschaftsstruktur,1
GRW,1
verstetigen,1
zentraler,1
Akteur,1
Investitionsgeschehen,1
Gleichwertige,1
Soziale,3
abhängig,2
finanziellen,7
Leistungsfähigkeit,1
Kommune,1
flächendeckend,1
handlungsfähige,1
Schritte,4
Sozialausgaben,1
nötiger,1
verschuldeten,1
einmalig,1
Altschulden,2
abzunehmen,1
Problem,1
ostdeutscher,1
Wohnungsbaugesellschaften,1
lösen,2
gegenwärtig,1
300,1
Auftragsvergabe,1
umgesetzt,6
Abnehmerin,1
Produkten,2
übernehmen,4
Beschaffung,2
ausrichten,5
Innovationsimpulse,1
setzt,4
Zielen,2
dient,3
Vergabekriterien,1
Innovation,1
Tarifbindung,4
Geschlechtergerechtigkeit,3
Nachhaltigkeit,4
ausgerichtet,2
Produktentwicklungen,1
Nachfrager,1
verlassen,3
Ideen,1
Start,6
ups,4
Erkenntnisse,1
breiter,1
übersetzten,1
Kreditanstalt,1
Wiederaufbau,1
KfW,1
Kapitalmarkt,2
aufnimmt,2
Förderbanken,1
Zukunftsbranchen,1
lenkt,1
Innovations,1
Investitionsagentur,1
Seite,3
gesellschaftliche,9
Handwerk,4
entscheidende,2
Partner,6
Klimawende,1
gelingt,3
Gebühren,1
Techniker,1
Meister,1
innenkurse,1
Bemühen,1
Ausbildungskonzepten,1
Fachkräftemangel,1
berufliche,3
Hochschule,1
verknüpfen,2
erkennen,3
Handwerks,1
Integration,6
junger,3
up,2
Wachstumsmotoren,1
führenden,1
Standort,2
Unternehmensgründungen,2
anzuregen,1
sinnvolle,3
Nachfolgeplanung,1
Kernpunkte,1
Organisatorische,1
One,1
Stop,1
Agenturen,1
Gründer,1
erleichterter,1
Kapital,1
Projektförderung,1
Fonds,3
Wagniskapital,1
Chance,7
Insolvenzrecht,1
Existenzgründungen,1
Programmen,1
Sinn,1
Aktivität,1
langfristige,1
Bestand,1
Unternehmens,1
kurzfristige,2
Strategie,1
gemeinwohlorientierter,1
gemeinwohlorientiertes,1
Genossenschaften,2
Sozialunternehmen,2
Integrationsunternehmen,1
Verantwortungseigentum,1
sozialökologischen,1
dezentrale,1
Strukturen,4
Transformationszentren,1
Werkstätten,1
bündeln,5
etablierte,1
exit,1
orientierte,2
Beschäftigte,7
Wirtschaftsbereichen,1
zukommen,2
lassen,6
zugunsten,1
Einbußen,2
hinnehmen,1
Kulturwirtschaft,1
Tourismuswirtschaft,1
Hotel,1
Gaststättenwesens,1
zuvor,1
inländischen,1
Tourismus,1
steckt,1
zentralen,2
Wirtschaftszweig,1
klimabewusst,1
modern,1
auszurichten,2
6,2
innovativ,3
halten,8
Stärken,2
Wissenschaftssystems,1
Breite,1
Ausrichtung,2
Zukunftstechnologien,2
Quantentechnik,1
Alternativverfahren,1
Orten,1
perspektivischen,1
Tierversuchen,1
Gesamtplanung,1
tierversuchsfreien,1
Verfahren,5
Universitäten,1
Fachhochschulen,1
voranzutreiben,1
Lehre,1
forschungspolitische,1
jeweiligen,1
ausstrahlt,1
aktuelle,2
kommende,1
technischen,5
kulturelle,2
geistes,1
kulturwissenschaftliche,1
Exzellenzstrategie,1
ergänzen,1
Kooperationen,1
Hochschulen,1
Forschungseinrichtungen,1
ausgezeichnete,1
Forschungslandschaft,1
Exzellenzpotential,1
Bezug,1
Erforschung,2
innovativer,1
Karrierewege,1
Befristungen,1
Promovierende,1
tatsächliche,1
Arbeitszeit,5
bezahlt,1
unabhängig,10
Fach,1
gelten,7
100,4
Gehalt,1
Vereinbarkeit,4
dauerhafte,3
Beschäftigungsmöglichkeiten,1
unterhalb,2
Professur,1
Tenure,1
Track,1
Zielwert,1
gesamtstaatlicher,1
privater,2
Ausgaben,5
BIP,1
letzten,3
übertroffen,1
steigern,4
Innovationsförderung,1
aufstocken,1
Praxis,4
Partnerschafts,1
Kooperationsförderungen,1
Förder,1
Kreditprogramme,1
Mittelstand,1
Bereich,8
Ressourcenschutz,1
KMU,1
niederschwelligen,1
Fördermitteln,1
Austausch,3
wissenschaftlichen,1
Erkenntnissen,1
Fördergelder,1
Science,1
Wissenschaftskommunikation,1
bereithalten,1
technologischen,3
geordnetes,1
Beihilferecht,2
Wettbewerbsnachteile,1
Wirtschaftsräumen,1
verringert,1
erfordert,1
umfangreiche,1
klimaneutralen,2
industrieller,1
Kapitaleinsatz,1
Weise,4
7,3
gravierende,1
Steuereinnahmen,1
zurückgehen,1
gestiegen,1
Austerität,1
völlig,1
falscher,1
verfolgt,2
Finanz,3
Haushaltspolitik,1
Zukunftsinvestitionen,1
schafft,1
Wachstum,2
gesellschaftlichen,6
stärkt,2
formulierten,1
Schwerpunkte,2
verfassungsrechtlich,1
möglichen,1
Spielräume,4
Kreditaufnahme,1
Vermögen,6
Grundvoraussetzung,2
extrem,1
ungleiche,1
bedenklich,1
ökonomisch,1
unvernünftig,1
weiterwachsende,1
Konzentration,1
Vermögens,2
Hochvermögende,1
verhindert,1
nachhaltiges,1
verschenkt,1
wertvolle,2
Steuergerechtigkeit,2
Steuerhinterziehung,2
Kavaliersdelikt,1
Steuervermeidung,2
grenzüberschreitende,2
Steuergestaltungsmodelle,1
Anzeigepflicht,3
unterworfen,1
Umgehung,1
Grunderwerbsteuer,1
Share,1
Deals,1
Umsatzsteuerbetrug,1
Karussellgeschäften,1
beendet,4
Reporting,2
international,4
agierender,1
eindämmen,1
Public,1
Country,2
Besteuerung,4
gerechter,5
Steuersystem,1
stark,3
Krisenbewältigung,1
ohnehin,1
strapazierte,1
Mehrheit,2
steuerlichen,1
Mehrbelastung,1
Gegenteil,1
Steuern,1
senken,4
Einkommensteuerreform,1
vornehmen,1
besserstellt,1
Kaufkraft,1
Gegenzug,1
oberen,1
heranzieht,1
Aufschlag,1
Prozentpunkten,1
Einkommensteuer,1
fest,5
Verheirateten,1
versteuernden,1
Einkommensanteil,1
oberhalb,1
500,1
000,4
Ledigen,1
250,2
Bemessungsgrenze,1
Erhebung,1
Beiträge,4
gesetzlichen,11
Kranken,2
Renten,3
Arbeitslosenversicherung,5
regelmäßig,4
anpassen,1
Solidaritätszuschlag,2
allermeisten,2
abgeschafft,3
verbliebenen,1
Spitzenverdiener,1
stabilen,1
Gemeinwesen,2
nutzt,2
geltende,3
Steuerrecht,2
befördert,1
klassische,2
Arbeitsteilung,1
Partnerschaftlichkeit,1
Steuerlast,1
unterschiedlich,1
hohen,3
Eheleuten,1
Ehegattensplitting,2
bildet,2
Realität,2
schließt,2
gewährten,1
Steuervorteil,1
Nutznießer,1
stattdessen,1
Alleinverdiener,1
Ehepaare,1
Kinderzahl,1
geschlossene,1
Ehen,2
Kindergrundsicherung,3
bessergestellt,1
Normalverdienende,1
erleiden,1
bestehende,8
Wahlrecht,2
steuerliche,2
Abzugsfähigkeit,1
Manager,2
innengehältern,1
fache,1
Durchschnittseinkommens,1
Betrieb,3
beschäftigt,1
Bislang,1
förderwürdigen,1
Aufwendungen,1
Spenden,1
höher,4
Steuerrückerstattung,1
Zukünftig,1
einkommensunabhängige,1
Steuerminderung,1
Vermögensteuer,1
Kraft,5
Finanzkraft,1
größeren,3
Gemeinwesens,3
maßvollen,1
einheitlichen,3
Steuersatz,1
Gleichzeitig,5
Freibeträge,1
Steuerbelastung,1
vermögende,2
Teile,3
Bevölkerung,2
Vermögenssteuer,2
gefährdet,1
Betrieben,4
verschont,1
Erbschaftssteuer,1
reformbedürftig,1
gegenwärtigen,1
ungerecht,2
Unternehmenserben,1
bevorzugt,2
effektiven,3
Mindestbesteuerung,4
Überprivilegierung,1
Betriebsvermögen,1
vermögenshaltende,1
Familienstiftungen,1
Finanztransaktionssteuer,1
Partnern,3
maßgeblich,2
unterstützten,1
Verhandlungen,4
Einführung,7
fairen,5
genannter,1
Digitalunternehmen,2
Abschluss,1
Google,1
Amazon,1
Facebook,1
angemessenen,1
leistungsfähigen,1
sicheren,1
Finanzmarkt,1
ordentlich,1
reguliert,1
überwacht,1
Finanzierungsdienstleistungen,1
Produktionsverfahren,1
Funktionstüchtigkeit,1
Finanzmarktakteuren,1
Finanzprodukten,1
Kleinanleger,1
Beratung,3
Überschuldeten,1
Privatpersonen,1
überwindbaren,1
Not,3
helfen,5
Schuldnerberatung,1
ausgeweitete,1
vorsorgende,1
Beratungsmöglichkeiten,1
Überschuldung,1
vornherein,1
vermieden,1
Finanzstandort,1
Motor,1
Realwirtschaft,1
Pariser,3
Klimaschutzzielen,1
Staatsanleihen,1
zertifizierte,1
Finanzprodukte,1
hinwirken,2
private,7
Kapitalflüsse,1
nachhaltiger,3
Wirtschaftsstrukturen,1
Finanzsektor,1
Bankenregulierung,1
bewirken,1
staatliche,6
Rettungsschirme,1
Banken,1
Kommission,2
Fusionskontrolle,1
Bundesanstalt,1
Finanzdienstleistungsaufsicht,1
BaFin,3
Kontroll,2
erhält,4
Prüfung,1
Jahresabschlüssen,1
Überprüfung,1
unmittelbar,4
hoheitlich,1
Jahresabschlüsse,1
Informationsquelle,1
Anleger,1
Wirtschaftsprüfer,1
verschärft,1
geregelt,3
häufiger,2
gewechselt,1
Geldwäscheaufsicht,1
bisherige,2
Aufsichtszuständigkeit,1
Schmutziges,1
Heimat,2
Zoll,1
Polizei,4
Institution,2
Geldwäsche,2
Kriminalität,6
Zolls,2
Wahrnehmung,1
verbundene,1
Personalausstattung,2
Ausrüstung,4
illegale,1
Schwarzarbeit,2
organisierte,2
wirkungsvoll,1
lehnen,4
Privatisierung,2
Währungen,2
künstlich,1
Stablecoins,1
8,2
regieren,2
vorausschauender,1
wirksamer,1
agiler,1
wagen,2
föderale,2
Struktur,1
Landkreisen,1
ausgehandelt,1
besteht,5
Silodenken,1
politischen,12
Ressorts,1
Regierungsprojekte,1
organisieren,1
Denken,1
Muster,1
gefragt,1
Modernisierungsoffensive,1
Dienst,4
Zusammenarbeit,16
Evaluation,1
wissenschaftliche,2
Expertise,1
Verbände,3
einbinden,1
Parlament,2
Kontrollfunktion,1
Felder,1
Überforderung,1
herkömmlicher,1
Organisationsformen,1
Regieren,1
Regierungsvorhaben,1
Projekte,3
kommunikativ,1
begleitet,3
zuständigen,1
Verwaltungseinheiten,1
hinreichende,1
Fortbildungsmaßnahmen,1
sichergestellt,2
Prinzipien,3
Regierungshandelns,1
Partizipation,1
handlungsleitend,1
Nationalen,1
Aktionspläne,1
Government,1
Partnership,1
Erfahrungen,2
Bürgerräten,1
aufgreifen,1
Wege,2
unmittelbaren,1
systematische,1
Rechtswege,1
verkürzt,1
beschleunigt,1
Informationsfreiheitsrecht,1
wirksamen,2
Transparenzrecht,1
Informationen,2
kostenlos,2
bereitstellen,2
legislativen,1
exekutiven,1
Fußabdruck,1
Lobbyist,1
Gesetzesentwürfen,1
sichtbar,3
Entscheidungsprozesse,2
nachvollziehbar,2
Abgeordnete,2
zukünftige,1
Cent,1
angeben,1
Unternehmensbeteiligung,1
Aktionenoptionen,1
verschärfen,2
regeln,2
Interessenkonflikt,1
parlamentarischer,2
wirtschaftlicher,3
vorliegt,1
Respekts,6
gegenseitig,1
anerkennen,1
vielerlei,1
Hinsicht,1
verschieden,1
herabschaut,1
Meinungsverschiedenheiten,1
fair,3
zivilisiert,1
Grundsätze,1
ausgetragen,1
zerfällt,1
Hassreden,3
zersetzen,1
Nährboden,1
Rechtsextreme,1
zielt,1
wiederherzustellen,2
achtet,1
Lebensleistung,1
Lebenschancen,1
Herkunft,6
Geschlecht,1
Migrationsbiografie,2
Religion,1
sexuelle,1
Orientierung,2
innenrechte,2
Pflichten,3
wertschätzen,1
Löhnen,2
Antwort,2
Arbeitswelt,3
verpflichtet,7
kümmern,4
verändert,1
weiterzuentwickeln,2
Existenz,1
grundlegendes,1
planen,1
Miete,1
bezahlen,2
Lebensstandard,3
vereinfachen,2
Tarifverträge,2
allgemein,1
verbindlich,3
erklären,1
Arbeitgeber,5
Branche,3
Betriebe,2
aufgespalten,1
ausgelagert,1
Tarifverträgen,2
Mitgliedschaft,1
Arbeitgeberverbänden,1
unanständig,1
zurückzudrängen,1
Auftrag,4
Tarif,2
Bundestariftreuegesetz,1
Lohnangleichung,1
Ost,1
West,1
durchzusetzen,2
arbeitet,1
zusätzliche,3
Frage,2
Mindestlohn,1
Mindestlohnkommission,1
künftige,1
Erhöhungen,1
Befristung,2
Arbeitsverhältnissen,1
Sachgrund,1
Gesetz,4
akzeptierten,1
Gründe,1
kritisch,3
überprüfen,3
Leiharbeiter,1
gleichen,3
Festangestellte,1
erneut,3
Minijobs,1
unzureichend,2
Beschäftigungsverhältnisse,3
einzubeziehen,1
Übergänge,1
Arbeitsverhältnisse,2
Ausnahmen,2
bestimmte,2
Gruppen,1
Rentner,1
Nettoeinkommen,1
gering,2
Verdienenden,1
heben,2
Gleitzone,1
Midi,1
Jobs,1
600,1
Zone,1
Arbeitnehmer,12
geringere,1
geringeren,1
Rentenanspruch,1
Schlaglicht,1
geworfen,1
Berufsgruppen,1
Lücke,1
gehören,8
Dienstleistungsberufe,1
verdient,1
junge,10
vorstellen,1
ergreifen,2
Mädchen,3
genauso,3
Jungen,1
enorme,2
gesellschaftlich,2
geleistet,3
Altenpflege,1
allgemeinverbindliche,1
Branchentarifverträge,1
Pflegemindestlohnkommission,1
Mindestlöhne,2
Kirchen,3
Arbeitsrecht,2
Arbeits,6
Tarifrecht,1
Betriebsverfassung,2
anzugleichen,1
Pflegeanbieter,1
Pflegeversicherung,1
refinanziert,1
Umkehrschluss,1
Refinanzierung,1
Pflegeleistungen,1
binden,2
Personalmangel,1
Pflegeeinrichtungen,1
aufwerten,1
Stressbelastung,1
gesenkt,3
Vorschlag,2
bundesweiten,2
Personalbemessungsrahmens,1
beruflich,1
ausgebildeten,1
Fachkräften,1
Lehrer,1
Sozialpädagog,1
großem,1
Leidenschaft,2
gezielten,1
Impulsen,1
Fachkräftesicherung,1
Kitas,4
Ganztagsbetreuung,1
Jugendeinrichtungen,1
Zahl,1
Nachwuchskräfte,1
erzieherischen,1
Berufen,2
verdoppeln,1
attraktive,3
vergütete,1
schulgeldfreie,1
Ausbildungskapazitäten,1
Fachschulen,1
Studiengängen,1
Kindheitspädagogik,1
Karriereoptionen,2
anstreben,1
eigenständige,2
Existenzsicherung,1
funktionierende,1
Postdienste,1
Paketdienste,1
Daseinsvorsorge,2
ungesicherte,1
Scheinselbständigkeit,1
Subunternehmertum,1
Zerschlagung,1
Deutschen,4
Post,1
vollständige,3
unfaire,1
Wettbewerbsvorteile,1
Digitalkonzernen,1
beseitigen,1
ausländischer,1
Rechtsform,1
erweitern,6
Geltungsbereich,1
Absenkung,2
Schwellenwerte,1
Unternehmensgrößen,1
Schließungen,1
Betriebsstandorten,1
Köpfe,1
hinweg,1
echte,3
Parität,1
Aufsichtsräten,1
bieten,2
Belastungen,2
Handlungsspielräume,1
arbeitenden,1
Belegschaften,1
Augenhöhe,2
beteiligt,4
letzte,1
liegt,1
20,3
Mitbestimmungsrechte,1
Beschäftigtensicherung,1
Betriebsänderungen,1
Werkverträgen,1
Arbeitsweisen,1
Künstlichen,1
KI,2
Personalbemessung,1
Überlastungen,1
beseitigt,3
betrieblichen,3
gelungenen,1
Kündigungsschutz,1
Betriebsrät,1
Betriebsratsarbeit,1
ortsunabhängig,1
erledigt,1
organisiert,2
unvermindert,1
gültig,1
wirksam,7
Zugangsrecht,1
virtuellen,1
zusammenschließen,1
grundlegende,2
Bedingungen,1
Tätigkeit,2
aushandeln,1
Arbeitnehmerstatus,1
geklärt,1
Verbandsklagerecht,1
Beschäftigtendatenschutzgesetz,1
gestellt,4
Homeoffice,3
gewonnen,1
Schreibtisch,1
Wänden,3
Videokonferenzen,1
persönlicher,1
anfangs,1
ungewohnt,1
inzwischen,3
Routine,1
Rechtsanspruch,4
mobile,1
Grundsätzlich,1
Woche,1
24,2
mobil,1
erlaubt,1
Klar,1
Rundum,1
ausarten,1
Ruhezeiten,1
Nichterreichbarkeitszeiten,1
Unfallversicherungsschutz,1
betriebliche,6
mobilen,2
Mitbestimmungsrecht,1
mobiler,1
Grundsatz,2
Freiwilligkeit,1
Arbeitszeiten,2
passen,1
soziales,1
Schutzfunktion,1
Arbeitszeitgesetzes,1
täglichen,1
schließen,3
Produktivitätsgewinne,1
streiten,1
Selbständigkeit,3
Erwerbstätigkeit,1
Unternehmergeist,1
dringend,5
benötigte,1
positiv,1
offensichtliche,1
Schutzlücken,1
Selbständigen,2
Kreativen,1
deutlicher,1
Zutun,1
gerät,2
Rücklagen,1
aufgebraucht,1
Solo,2
Selbständige,5
Autor,1
Maler,1
Übersetzer,1
Entwickler,1
absichern,5
Künstlersozialversicherung,1
Wechsel,2
versicherungspflichtiger,1
Ausnahme,1
Neues,1
wagt,1
freiwillige,1
Weiterversicherung,1
Bedarfsfall,1
ständigen,1
ständig,1
Films,1
Theater,3
sozialversicherungspflichtige,3
grundsätzliche,1
Altersvorsorge,4
Rentenversicherung,6
Mindestbeiträge,1
Krankenversicherung,2
Hälfte,1
einkommensabhängige,1
Geschäftsmodell,1
grundsätzlich,3
trägt,2
unvorhersehbare,1
erhebliche,2
Einnahmeausfälle,1
kurzfristigen,1
Wegfall,1
Auftraggebern,1
Notlagen,2
führt,1
Sicherungsgeld,3
solidarischen,5
branchen,1
saisonübliche,1
Schwankungen,1
hinausgehen,1
Bundesagentur,3
vergleichbar,1
Vorrang,2
Grundsicherung,2
Berufschancen,1
erhen,1
Ausbildungsgarantie,1
Junge,2
Berufsanfänger,1
Berufsleben,1
einzusteigen,2
beruflichen,3
Neustart,4
Vermittlung,2
oberstes,1
duale,2
Erfolgsmodell,1
vollumfänglich,2
größere,1
Schaffung,4
ausreichend,1
Ausbildungsplätzen,1
Umlagen,1
bzw,3
branchenbezogen,1
Bedarfs,1
ausgebildet,2
Ausbildungsplatz,1
eng,1
angelehnte,1
Berufsschule,2
außerschulische,2
Zeitpunkt,1
Erziehung,1
vollschulischen,1
Ausbildungen,1
dual,1
kostenfrei,1
Auszubildenden,2
dualen,1
akademischen,1
Ausbildungswege,1
Professionalität,1
Berufsfeldern,1
eröffnen,1
Lernort,1
Pakt,3
berufsbildende,1
Schulträgern,1
Vordergrund,1
verbesserte,1
Nachwuchses,1
akademische,1
verzahnen,1
Studium,1
Gebührenfreiheit,1
Aufstiegsfortbildung,1
fort,1
befindet,1
technologische,1
Berufsbilder,2
Vergangenheit,3
naher,1
verschwinden,1
versprechen,1
verbundenen,1
Augenmerk,3
Arbeitsversicherung,1
Fall,1
Arbeitslosigkeit,2
Plan,1
bauen,2
Qualifizierung,4
hochwertiges,1
individuelles,1
Beratungsangebot,1
gewährleistet,2
Monaten,2
Erwerbsarbeit,2
greift,1
Arbeitslosengeld,3
Betroffenen,2
Rücken,1
Wesentliche,1
Beinen,1
Lebensphasen,1
bevorstehenden,1
Veränderungen,1
40plus,1
erlernen,1
geförderten,2
Bildungszeit,2
Bildungsteilzeit,2
Erwerbstätigen,3
Lauf,1
Erwerbslebens,1
Initiative,3
staatlicher,1
weiterbilden,1
umschulen,1
beantragt,1
freistellen,2
Bildungszeiten,1
ausgestalten,2
Lohneinbußen,1
Umschulung,1
kompensiert,1
anerkannte,1
Abschlüsse,1
erwerben,1
Weiterbildungsmaßnahme,1
Tasche,1
aufbringen,1
Transformations,1
Weiterbildungsförderung,1
Beschäftigtentransfers,1
Umstrukturierungen,1
Betriebsschließungen,1
unvermeidlich,1
Bundesausbildungsförderungsgesetz,1
BAföG,7
weiten,1
Förderansprüche,1
streben,1
Vollzuschuss,1
Kindergeld,5
Basisabsicherung,1
25,1
elternunabhängiger,1
Aufstiegs,1
aufeinander,1
abstimmen,2
perspektivisch,1
zusammenführen,1
Altersgrenzen,1
aufheben,1
Erwachsenenalter,1
öffnen,2
Lebensunterhalt,2
geleisteten,1
Arbeitsstunden,1
Langzeitkonten,2
rechtlicher,1
Instrument,3
persönlichen,4
Zeitkonto,1
Gestaltungsmöglichkeiten,1
Lebenslaufs,1
Zeitkontos,1
Zeiteinzahlungen,1
Überstunden,1
verloren,1
verwandeln,1
Zeitguthaben,1
per,2
Tarifvertrag,1
Prinzip,4
Chancenkontos,1
aufgestockt,1
zusammenhält,1
baut,1
Bittsteller,1
Beschäftigungsformen,1
unterbrochene,1
Erwerbsbiographien,1
eingezahlt,1
trotz,1
bester,1
Perspektive,3
eingeführt,3
ebnet,1
denjenigen,1
betroffen,2
reguläre,1
bewährt,2
abgesicherte,1
Tätigkeiten,2
Lohnkostenzuschüssen,1
Langzeitarbeitslose,1
sozialversicherungspflichtig,1
einstellen,1
grundlegend,3
Bürgergeld,6
Verständnis,1
haltgebenden,1
bürgernahen,1
Sozialstaats,1
unkompliziert,1
Bescheide,1
Schriftwechsel,1
verständliche,1
Sprache,1
sprechen,1
Regelsätze,1
ausreichen,1
befähigen,1
kaputte,1
Waschmaschine,1
Winterjacke,1
untragbaren,1
Last,1
Kriterien,3
Regelsatzermittlung,1
Betroffene,2
Sozialverbände,1
hilfsbedürftige,1
Lebenslage,1
bezwingen,1
falls,1
erforderlich,3
umfassende,4
passgenaue,1
gesamte,3
Bedarfsgemeinschaft,1
Netzwerke,3
reine,1
Kennzahlenlogik,1
personellen,1
Jobcenter,1
nachkommen,1
Nachholen,1
Berufsabschlusses,1
spürbar,2
erweitert,1
Vermögensprüfung,1
ausgesetzt,2
läuft,1
ausziehen,1
voller,1
Wiederaufnahme,1
vorübergehenden,1
Wohnungsgröße,1
innerhalb,2
überprüft,2
Schonvermögen,1
erhöht,3
beinhaltet,3
Mitwirkungspflichten,1
Hilfe,5
Ermutigung,1
Eingliederungsvereinbarungen,1
erarbeitete,1
Teilhabevereinbarung,1
ersetzt,3
Befähigung,1
Bestärkung,1
Zwang,1
Sinnwidrige,1
unwürdige,1
Sanktionen,3
sozioökonomische,1
soziokulturelle,1
Existenzminimum,2
jederzeit,1
Sozialstaates,1
benötigt,1
suchen,1
Hürden,2
Umwege,1
Bürgerservice,1
Lebenslagen,1
berät,2
aufsuchend,1
beschwerlich,1
zugewandter,1
hilft,1
Rechtsansprüche,1
geltend,1
beratend,1
gesund,1
Rentenalter,1
Gesundheitsprävention,1
Aktivitäten,1
unterschiedlichen,1
Sozialversicherungen,1
seelische,1
materielle,1
Einsamkeit,1
entgegenwirken,1
erworbenen,2
erheblich,1
einzubüßen,1
Zentrale,2
verlässlichen,1
dauerhaft,5
Rentenleistung,1
Rentenniveau,1
48,1
ergeben,1
verlieren,3
Regierung,4
geringe,1
gearbeitet,1
Risiko,1
fordern,5
konservative,1
Anhebung,1
Renteneintrittsalters,1
Rentenkürzung,1
langjährig,1
Versicherte,1
Erreichen,1
Regelaltersgrenze,1
abschlagsfrei,1
beibehalten,1
Alterssicherung,3
Beamt,3
Mandatsträger,1
angehören,1
Gesamtheit,1
aufzunehmen,1
Sondersysteme,1
Sicht,1
Zusammenführung,1
Altersversorgung,3
Gesamtniveau,1
gesundheitlicher,1
Beeinträchtigungen,1
Armut,4
Armutsrisiken,1
heutigen,1
Erwerbsminderungsrentner,1
Verbesserungen,2
geschlechtergerechte,2
Unterschiedliche,1
familienbedingte,1
behandeln,1
Langjährige,1
Eltern,7
Schwiegereltern,1
Familienmitgliedern,1
auswirken,1
Altersarmut,1
bedeuten,1
schweren,1
mittleren,3
erleichtert,2
abgesichert,3
tarifvertraglich,1
vereinbarte,1
Altersversorgungsformen,1
Vollverbeitragung,1
Doppelverbeitragung,1
Betriebsrenten,1
Versicherten,1
angemessenem,1
Umfang,1
ergänzend,1
versichern,1
ergänzende,1
Ersatz,1
bisherigen,1
Ergebnisse,2
Riester,1
zufriedenstellend,1
klassischen,2
bürokratische,1
Hemmnisse,1
Bürgerinnen,1
Bürgern,1
standardisiertes,1
schwedischem,1
Vorbild,3
Verträge,1
Zuschüssen,1
untere,1
Einkommensgruppen,1
beschränken,1
Freinander,1
misst,1
Umgang,3
gepflegt,1
Angehörige,3
Pflegekosten,1
herangezogen,1
aufkommen,1
Vollversicherung,1
Bedarfe,1
abdeckt,1
dorthin,1
Pflegebedürftige,1
Eigenanteil,1
deckeln,1
Zukünftige,1
Kostensteigerungen,1
solidarisch,3
Mix,2
moderat,1
steigenden,2
Pflegeversicherungsbeiträgen,1
dynamischen,1
Bundeszuschuss,1
Pflegeinfrastruktur,1
bedarfsgerecht,1
ausgebaut,3
Landkreise,1
Trägerschaft,1
Heime,1
intensiver,1
eingebunden,1
Pflegebedürftigkeit,1
Stunden,3
Rechtsunsicherheit,1
wechselseitigen,1
rechtliche,3
Klarheit,1
besonderes,2
Modellprojektes,1
Dienstleistungszentren,1
DLZ,2
medizinische,1
haushaltsnahe,1
vermittelt,1
fehlende,1
Anbietern,1
Abhilfe,1
haushaltsnahen,1
älteren,1
bekämpfen,9
Sozialversicherung,1
Haushalten,1
Arbeitsunfällen,1
Krankheit,2
Geringverdiener,1
Bezahlbares,1
Wohnen,1
Lagen,1
mittlerem,1
bezahlbaren,2
Wohnraum,5
Beteiligten,2
Tisch,1
Kommunale,1
Wohnungsunternehmen,2
sozialverträglichen,1
Vermietung,1
fühlen,1
Bauwirtschaft,1
erforderlichen,1
Quartiersentwicklung,1
Sozialwohnungen,1
Wohnungsgemeinnützigkeit,1
zusätzliches,1
gewinnorientiertes,1
Segment,1
Wohnungsmarkt,1
angespannten,2
Wohnlagen,2
zeitlich,1
befristetes,1
Mietenmoratorium,1
Mieten,2
Inflationsrate,1
Mietwucher,1
unterbinden,1
Mietpreisbremse,1
entfristen,1
Schlupflöcher,1
qualifizierten,1
Mietspiegels,1
rechtssicheren,1
Mietspiegel,1
bloßen,1
Neumietenspiegel,1
vertraglich,1
vereinbarten,1
Aufstellung,1
heranziehen,2
Bodenpolitik,1
orientiert,1
öffentliches,3
Grundstücken,1
vermehren,1
Spekulation,2
Grund,2
Boden,2
Vorkaufsrecht,1
Wohnbauflächen,1
veräußert,1
zurückerworben,1
Bauland,1
Erbpacht,1
Wohnungsbau,2
Bodenfonds,1
Einbeziehung,1
bundeseigener,1
Grundstücke,2
Stadtentwicklung,1
Liegenschaftspolitik,1
städtebaulichen,1
Prioritäten,1
bezahlbarem,1
Frist,1
Steuerfreiheit,1
Veräußerungsgewinne,1
genutzter,1
Planungswertausgleich,1
leistungslose,1
Bodenwertgewinne,1
Allgemeinheit,1
einzudämmen,2
Eigentümerstrukturen,1
Immobilienregister,1
Wohneigentum,1
jungen,3
Erwerb,2
Genossenschaftsanteilen,1
Mietkaufmodelle,1
Jung,1
Kauft,1
Alt,1
Bestandsimmobilien,1
Leerstand,1
Ortskernen,1
Obdachlosigkeit,1
abgerutscht,1
Housing,1
First,1
Konzepten,1
Erfolgsquoten,1
Strukturveränderungen,1
Innenstädten,2
Stadtteilzentren,1
betrifft,1
Einzelhandel,1
Gastronomie,1
Hotelgewerbe,1
Büchereien,1
Kinos,2
getragene,1
Städtebauförderung,1
Städte,1
Innenstädte,1
lebendig,1
Nutzungsänderungen,1
mitgestalten,2
Mietpreisbegrenzung,1
Mieterschutz,1
Gewerbeimmobilienbereich,1
Konzepte,1
Revitalisierung,1
Standorten,1
Co,1
Working,1
Spaces,1
generationenübergreifende,1
barrierefreie,3
Wohnform,1
Quartieren,1
aufwachsen,3
Liebe,1
Zuwendung,1
Zukunftsfähigkeit,1
hängt,2
selbständiges,1
Familienarbeit,1
täglicher,1
Spagat,1
zumal,1
Kindererziehung,1
Alltagshilfe,1
ältere,1
Fürsorgearbeit,1
überwiegend,1
füreinander,4
Erwerbs,1
Sorgearbeit,1
Geschlechtern,1
aufzuteilen,1
Alleinerziehende,3
Säulen,2
Familienzeit,1
Säule,5
Wochen,1
Elternschaftszeit,1
direkt,1
Geburt,2
Kindes,4
Vater,1
kurzfristig,1
allerersten,1
Phase,1
Aufteilung,1
Sorgeaufgaben,1
Familienarbeitszeit,1
Partnerschaftsbonus,1
ElterngeldPlus,2
flexiblen,1
Elternteilzeit,1
Lebensjahr,1
Paarfamilien,1
Elternteile,1
Vollzeit,1
200,1
höchstens,1
900,1
genutzt,3
Elternzeit,1
Geburtstag,1
jenseits,1
Kleinkindalters,1
Einschulung,1
Umzug,1
ansteht,1
Kind,4
Ausweitung,1
pandemiebedingt,1
erhöhten,1
Kinderkrankentage,2
Elternteil,2
Elterngeld,2
akut,2
maximal,1
45,1
90,1
jüngeren,1
häufig,1
krank,2
kurzzeitiger,1
Betreuungsbedarf,1
Familienpflegezeit,1
pflegt,1
kombinieren,1
Lohnersatz,1
Arbeitszeitreduzierung,1
nahen,1
Angehörigen,1
Pflegegrad,1
mehrere,2
Pflegepersonen,1
aufteilbar,1
Mindestarbeitszeit,1
Wichtig,2
ermutigen,1
Bestmögliche,1
geborgen,1
Erwachsenenleben,1
starten,2
vielfältig,1
genau,1
gebraucht,2
beitragsfreie,1
Ganztagsangebot,1
Schulkinder,1
Fahrt,1
existenzsichernden,1
ausgezahlten,1
gestaffelt,1
Unterstützungsbedarf,1
schwer,1
monatliche,1
Basisbetrag,2
Kindergeldes,2
zirka,1
Höchstbetrag,2
doppelt,1
sächliche,1
Wohnkostenpauschale,1
Bildungs,5
Teilhabekosten,1
enthalten,1
Kinderfreibetrag,1
bündelt,1
elternunabhängige,1
Auszahlung,1
zusätzlichen,1
auskömmlichen,1
Fördersatz,1
obendrauf,1
Hilfen,1
Unterstützungsleistungen,1
Bildungsbenachteiligung,1
Systemen,1
stattfinden,1
Bildungseinrichtung,1
bezahlbare,1
Wohnheimangebote,1
Auszubildende,1
Jugendwohnen,1
27,2
Räume,2
freiwilligen,2
Engagements,1
Schulzeit,1
Jugendfreiwilligenjahr,1
Freiwilligendienst,1
Vereinbarungen,5
Jährige,1
beispielweise,1
Freiwilligen,1
Sozialen,1
Freiwilligendiensten,1
Freiwillige,1
FSJdigital,1
Jugendfreiwilligendiensten,1
einheitliches,1
Freiwilligengeld,1
gestaffelten,1
elternunabhängig,1
absichert,1
Kinderrechte,1
Kindeswohls,1
Grundgesetz,3
verankern,6
Wahlalter,1
16,1
Prozessen,1
Jugendhilfeausschüssen,1
Landesjugendhilfeausschüssen,1
Kommunalverfassungen,1
verankert,2
Jugendverbände,1
Beteiligungsstrukturen,1
Jugendringe,1
Jugendparlamente,1
Jugend,2
Check,1
unterziehen,1
Mitbestimmungsmöglichkeiten,1
Vertretungen,1
JAV,2
Vertretungsrecht,1
ausgedehnt,1
Gründung,2
Bundesprogramm,4
Gemeindehaus,1
aufbauend,1
Mehrgenerationenhäuser,1
Dach,1
Kinderschutz,2
Selbstbestimmte,1
gerichtete,1
Werbung,1
reglementieren,1
werbefreier,1
Ganztagangebot,1
entscheidend,1
Ganztagsschulen,1
Lern,1
Lebensorte,1
ganztägiges,1
Betreuungsangebot,1
Grundschulalter,1
Bildungsgerechtigkeit,1
nächste,1
warten,1
70,1
wünschen,1
Präsenzunterrichts,1
droht,2
Bildungserfolg,1
Familienhintergrund,1
verfestigen,1
Bildungsbenachteiligungen,1
verstärken,3
Bundesinitiative,1
Chancengleichheit,3
Schulsozialarbeit,1
Chancenhelfern,1
bereitgestellt,1
gleichwertigen,1
Weiterentwicklung,2
maßgebend,1
benachteiligten,1
alleine,1
gelassen,1
Sozialkriterien,1
dringendsten,1
Strafrecht,2
Schutzkonzepte,1
Kinderschutzbeauftragten,1
Einrichtungen,4
Vereine,4
geförderte,1
Ombudsstellen,1
Präventionsketten,1
Gesundheitseinrichtungen,1
Träger,1
Sportvereine,1
Familiengerichte,1
kommunaler,2
zusammenwirken,1
Schutzstandards,1
Integrität,1
sexueller,2
Belästigung,2
Gewalt,12
Entwicklungsbeeinträchtigungen,1
Ausbeutung,2
Familienrechtsverfahren,1
kindersensible,1
verwirklichen,2
Gleichberechtigung,2
ungleichen,2
Querschnittsaufgabe,1
Bereiche,3
durchziehen,1
Familienpolitik,1
Arbeitsmarktpolitik,1
Sozialpolitik,1
Rechtspolitik,1
Haushalts,1
Haushaltssteuerung,1
Gleichstellungsstrategie,2
verbindlichen,3
Fahrplan,1
Politikbereiche,1
Lösen,1
Blockade,1
Women,1
on,1
Board,1
Paytransparency,1
Richtlinie,2
Repräsentation,1
Paritätsgesetze,1
Bundestag,2
gleichem,1
Maße,2
Lohns,1
Auskunftsanspruch,1
herausfinden,1
Kolleg,1
Entgelttransparenzgesetz,1
Verwaltungen,1
Gehälter,1
festzulegen,1
Entlohnung,1
Regelung,1
Erfolgreiches,1
geschlechterparitätische,1
kulturell,1
vielfältige,2
Arbeitsteams,1
Unternehmensspitzen,1
Quote,2
Aufsichtsräte,1
Vorständen,1
börsennotierten,2
paritätisch,1
mitbestimmten,2
Frau,4
vertreten,4
Spitze,2
Führungsebenen,1
wirksame,2
buchstäblichen,1
programmiert,3
relevanten,1
Anteil,3
Maschine,1
Ada,1
Lovelace,1
IT,1
hohem,1
dominiert,1
seltener,1
Durchschnitt,1
früh,1
Technik,1
Unternehmensgründung,1
naturwissenschaftlichen,1
MINT,1
besseren,3
Gründungskapital,1
Förderstrategie,1
geschlechtsbezogene,1
Barrieren,1
digitalisierungsbezogene,1
abzubauen,1
Personalrekrutierung,1
mitentscheidet,1
niemals,1
diskriminieren,1
verantwortungsvolle,1
Intelligenzen,1
vorurteilsfrei,1
diskriminierungsfreien,1
Datenlagen,1
basieren,1
geprüft,1
zertifiziert,1
Partners,2
Ex,1
stirbt,1
erschütternd,1
siebte,1
Arbeitsplatz,2
Strafverfolgung,2
Verantwortlichen,1
Entsprechend,1
Verpflichtungen,4
Istanbul,2
Konvention,3
Hilfesystem,2
Beratungsstellen,1
Frauenhäusern,1
Schutzeinrichtungen,1
ILO,3
190,1
betroffene,1
Schwerpunktstaatsanwaltschaften,2
Femizide,2
Morden,1
begangen,1
benannt,1
Verbrechen,2
Familientragödie,1
Paare,2
Versorgungssicherheit,1
Wahl,3
Geburtsortes,1
stationär,2
ambulant,2
Klinik,1
Geburtshaus,1
Geburtsbegleitung,1
Betreuungsschlüssel,1
Hebammen,2
Kreißsaal,1
vorsieht,1
Geburtshilfe,1
diagnosebezogenen,1
entlassen,1
leistungsgerechte,1
freiberuflichen,1
verantwortungsvollen,2
umfassend,2
Familienplanung,1
eigenständig,1
partnerschaftlich,2
kostenfreien,1
Verhütungsmitteln,1
Verhütungsmethoden,1
Konfliktsituation,1
Schwangerschaftsabbruch,1
Schwangerschaftsabbrüche,1
Grundversorgung,1
anbieten,1
Selbstbestimmungsrecht,1
Paragraphen,2
219a,1
Hinblick,1
218,1
ff,1
Schwangerschaftskonflikte,1
übernommen,1
Ehe,4
attraktiv,1
Trauschein,1
Familienmodelle,1
rechtlich,1
Verantwortungsgemeinschaft,2
französischen,1
Pacte,1
civil,1
de,1
solidarité,1
PACS,1
Einstehens,1
Lebenssituation,1
passt,1
Regenbogenfamilien,1
anstelle,1
biologischen,1
modernes,2
Abstammungsrecht,1
gleichgeschlechtlichen,1
Adoptionen,1
Gericht,1
Anpassung,2
Personenstandes,1
Psychologische,1
Gutachten,1
Feststellung,1
Geschlechtsidentität,1
trans,1
inter,1
binäre,1
behandelt,1
Transsexuellengesetz,1
reformieren,1
Diskriminierungsverbot,1
geschlechtlichen,1
sexuellen,1
Abs,1
GG,1
aufnehmen,1
gleichberechtigte,1
Identitäten,1
Rollen,1
Denkmuster,1
aufgebrochen,1
Lesben,1
Schwulen,1
Bisexuellen,1
Trans,3
Inter,2
queeren,1
LSBTIQ,4
Aktionsplan,1
Homo,1
Bi,1
Interphobie,1
Ächtung,2
queere,1
diskriminierende,1
Bundesärztekammer,1
Blutspende,1
tägliche,1
Miteinander,2
Behinderungen,3
Schwerbehindertenvertretungen,1
Ausgleichsabgabe,1
sogar,1
Zeiten,2
Fachkräftemangels,1
begehrte,1
Arbeitskräfte,1
einheitliche,1
Ansprechstelle,1
mittlerer,1
Lohnzuschüssen,1
gestaltet,2
Mangel,1
armen,1
porthallen,1
Freizeiteinrichtungen,1
behoben,1
initiieren,1
9,1
gemeinsames,2
dazugehört,2
familiären,1
akzeptiert,1
Migration,2
Unbekanntes,1
stets,1
aufgenommen,3
gefunden,1
reicher,1
voran,1
Selbstverständlichkeit,1
Zusammengehörigkeitsgefühl,1
Antidiskriminierungsstelle,1
Allgemeine,1
Gleichbehandlungsgesetz,1
nachdrücklich,1
Rassismus,5
Rechtsextremismus,2
Antisemitismus,3
Antiziganismus,2
Islamfeindlichkeit,1
Antifeminismus,1
Sexismus,1
Feindlichkeit,1
besserer,1
abgestimmtes,1
konsequenter,1
geahndet,1
permanente,1
möchten,1
Integrations,2
Beteiligungsangebote,1
Sprachkurse,1
zugewanderten,1
ungeachtet,1
Staatsangehörigkeit,1
Aufenthaltsstatus,1
besuchen,1
Schulpflicht,1
gesicherten,1
Aufenthalt,1
Bleiberecht,1
klappt,1
Familiennachzug,1
subsidiär,1
Schutzberechtigten,1
Flüchtlinge,1
angleichen,1
Geschwisternachzug,1
unbegleiteten,1
minderjährigen,1
Flüchtlingen,1
lebt,2
Arbeitsverbote,1
Zustand,1
jahrelanger,1
Kettenduldungen,1
Integrationshemmnis,1
Stichtagsregelung,1
zwangsweise,1
Rückführung,1
Leib,1
Gleichwohl,1
Integrationsfähigkeit,1
Sprach,1
Integrationskursen,1
umfassen,1
Zugezogene,1
Enkel,1
genannten,1
Gastarbeiter,1
Vertragsarbeiter,1
60er,1
Sachen,1
marginalisierte,1
Personengruppen,1
aufzusteigen,1
zielgruppenspezifischen,1
Formulierungen,1
Stellenausschreibungen,1
Vielfaltskompetenzen,1
Qualifikationen,1
Entgeltgerechtigkeit,1
Partizipations,1
Integrationsgesetz,1
Prozess,1
interkulturellen,1
Staatsangehörigkeitsrecht,1
geborenen,1
Staatsbürger,2
generelle,1
Mehrstaatigkeit,1
Einbürgerungen,1
Regelaufenthaltsdauer,1
verkürzen,1
kritische,1
Auseinandersetzung,2
kolonialen,1
verantwortungsvoll,1
historischen,2
Schuld,1
umzugehen,1
Religionsgemeinschaften,2
interreligiösen,1
Dialog,6
Religionen,1
Weltanschauungen,1
Kulturen,1
säkularen,1
Initiativen,5
Religionsfreiheit,2
verletzlich,1
wehrhaft,1
Feinde,2
ausdifferenzierte,1
Sicherheitsstruktur,1
wirkungsvollere,1
Demokratiefördergesetz,1
wappnen,1
hierüber,1
Präventionsprojekte,1
Landes,1
schulischen,1
verstärkten,1
einfacheren,1
Bildungsmöglichkeiten,1
Demokratieförderung,2
Lage,4
versetzen,2
Bildungsurlaub,1
ehrenamtliches,1
engagieren,1
ehrenamtlich,1
Vereinen,2
Feuerwehr,1
Tafeln,1
Frauennotrufen,1
Flüchtlingsorganisationen,1
THW,1
funktioniert,1
ehrenamtliche,1
zivilgesellschaftliche,2
Inklusion,1
Breiten,1
Leistungssport,1
Sozialdemokraten,1
Verfassungswerte,1
Wettbewerben,1
vorlebt,1
Spitzensport,1
Belange,2
Bundesländer,1
aufgefordert,1
Sports,1
pandemiebedingten,1
Probleme,1
besonderer,1
lebendigen,1
zeitgemäßes,1
Gemeinnützigkeitsrecht,2
gesellschaftspolitisch,1
bedeutsamen,1
Katalog,1
gemeinnütziger,1
Zwecke,2
steuerbegünstigte,1
Körperschaften,1
satzungsmäßigen,1
politisch,2
tätig,1
Aufruf,1
Sportvereins,1
Demonstration,1
Fremdenfeindlichkeit,1
Vergünstigung,1
Extremisten,1
Terroristen,1
erheblichen,1
Verfassungsschutz,1
Frühwarnsystems,1
erfüllen,5
Verfassungsfeindliche,1
verbieten,1
missbraucht,1
religiösen,1
Fanatismus,1
umschlägt,1
Sicherheitsbehörden,3
eingreifen,1
Konsequenz,1
Härte,1
Terror,1
Bundeswehr,5
Entstehung,1
rassistischen,1
Denkmustern,1
Polizeialltag,1
wirken,1
Ermöglichung,1
Supervision,1
Fort,1
Weiterbildungen,1
11,1
lebensnotwendig,1
Inspirationsquelle,1
Katalysator,1
Debatten,1
zurzeit,1
bewegen,1
Kern,1
kulturpolitische,1
erleben,2
Schwinden,1
Sinns,1
Wertegrundlage,1
beunruhigende,1
Angesichts,1
existentiellen,1
Kunst,5
verständigen,1
Kulturpolitik,2
kulturpolitischen,1
Spitzengespräche,1
Kulturplenum,1
Kulturproduzent,1
Kulturkonsens,1
kulturelles,2
Bündnis,1
Staatsziel,1
aufrechterhalten,1
Produktionsmöglichkeiten,1
künstlerischer,1
Szene,1
freischaffenden,1
Mindestgagen,1
Ausstellungshonorare,1
offenstehen,1
Musikclub,1
Museum,1
soziokulturellen,1
Bibliothek,1
Musikschule,1
Bundeskulturfonds,1
Freiräume,1
Rahmenbedingen,1
Märkten,1
Kreativwirtschaft,1
Geschäfts,1
Erlösmodelle,2
gestärkt,3
Filmförderung,2
Filmförderanstalt,1
FFA,1
Novelle,1
Filmfördergesetzes,1
Einnahmebasis,1
Filmschaffenden,1
internationale,7
Ausstrahlung,1
deutscher,4
Filme,1
bewahren,2
Filmerbe,1
Entscheidungsgremien,1
audiovisuellen,1
Finanzierungsbasis,1
Kinoförderung,1
Präsenz,1
Kulturorte,1
sicherzustellen,1
Zukunftskonzepte,1
Film,1
Community,1
Games,2
Kulturgut,1
Innovationsmotor,1
Wirtschaftsfaktor,1
Potentiale,1
eSports,2
Computerspielen,1
gemeinnützig,1
kulturellen,2
Diversität,1
Führungspositionen,1
Gremien,1
Jurys,1
Selbstbewusstsein,1
Persönlichkeitsentwicklung,2
schulischer,1
außerschulischer,1
Mediatheken,1
Erbe,1
Digitalen,1
künstlerischen,1
Kunstprojekte,1
zuletzt,2
Kulturveranstaltungen,1
Kulturaustausch,1
künstlerische,1
Offenheit,1
Gleichheit,1
Humanismus,1
betonen,1
Kulturnetzwerke,1
Kulturplattformen,1
Kulturakteure,1
Handelns,2
Auftritt,1
Goethe,1
Instituts,1
Institut,1
Francais,1
Werten,4
herausfordernden,1
Themen,2
Kolonialismus,1
Nationalismus,1
Aufarbeitung,2
NS,2
Shoa,1
gesichtsdidaktische,1
Aufbereitung,1
Zeitzeugenberichte,1
Quellenmaterials,1
Gedenkorte,1
eingedenk,1
Versterbens,1
Zeitzeugen,1
Gedenkkultur,1
Bundesstiftung,1
SED,1
Diktatur,1
landesweit,1
Zukunftszentrum,1
verübten,1
Kolonialverbrechen,1
bundespolitisch,1
postkolonialen,1
Erinnerungskultur,1
veränderter,1
kolonial,1
belastetem,1
Sammlungsgut,1
Herausragende,1
Demokratiegeschichte,1
Bundesebene,1
12,1
medial,1
mediale,2
kommunikativer,1
Pluralismus,1
grundlegender,1
begreifen,1
Medienpolitik,1
Gesellschaftspolitik,1
offene,2
Gespräch,1
gesamtstaatlich,1
starken,4
Rundfunk,1
Medienwelt,2
tiefgreifende,1
journalistische,1
Berichterstattung,1
privatwirtschaftlichen,1
Medienschaffens,1
bundesrechtliche,1
Urheber,1
Telekommunikationsrechts,1
Medienmärkte,1
prägen,1
Verlagen,1
Auskunfts,1
Berichterstattungsrechte,1
Journalismus,1
Stiftungsfinanzierung,1
marktwirtschaftliche,1
konterkariert,1
Medienunternehmen,2
zunehmend,4
Amtsträger,1
angegriffen,2
bedroht,4
beeinträchtigt,1
bilateralen,1
Gesprächen,1
zwischenstaatlichen,1
Zusammenschlüssen,1
Pressefreiheit,1
Medienanbietern,1
verfügbaren,1
Kulturinhalten,1
Vernetzung,1
Demokratiekompetenz,1
Identitätsbildung,1
gebunden,2
kreative,1
Netzcommunity,1
zusammenbringen,1
Entwicklungsräume,1
Bildungsangeboten,1
13,1
Sicher,1
sichersten,1
fühlt,1
handelt,1
Opfer,2
Integrationspolitik,1
bilden,2
erfolgreichen,1
motivierte,1
ausgebildete,1
Polizist,2
unakzeptabel,1
Rettungsdienste,1
Behördenmitarbeiter,1
beleidigt,1
Dienstrecht,1
Angemessenen,1
Mitarbeiter,1
widerspiegeln,1
untereinander,1
durchlässiger,1
Menschenhandel,1
Drogenhandel,1
bandenmäßige,1
Wohnungseinbrüche,1
Wirtschaftskriminalität,1
schmutzigem,1
nachweisbar,1
kontinuierliche,1
flächenübergreifende,1
Strukturermittlungen,1
Länderpolizeien,1
Bundespolizei,1
BKA,1
Europol,1
reibungslosere,1
Verzahnung,1
Rechtsstaat,1
fortführen,1
Bestrafung,1
Zusammenhang,1
erfolgen,2
Gefängnissen,1
Täter,1
Strafe,1
verbüßen,1
Resozialisierung,1
Bundesländern,1
Radikalisierung,1
Deradikalisierung,1
Straftäter,1
gezielter,1
vorbeugen,1
Kriminalitätsentwicklungen,1
Periodischen,1
Sicherheitsbericht,1
Katastrophen,1
Ehrenamtliche,1
unverzichtbare,1
bekannte,1
Cyberattacken,1
Desinformation,1
Terrorismus,1
Bedrohungen,1
dar,3
weite,2
betreffen,1
14,1
Gesundheitsschutz,2
Jugendschutz,2
Entkriminalisierung,1
Drogenpolitik,1
Alkohol,1
Cannabis,3
adäquaten,1
Kriminalisierung,1
Konsum,1
Suchtprävention,1
regulierte,1
Abgabe,1
Modellprojekten,1
erprobt,1
Jugendbereich,1
bundeseinheitlich,1
Besitz,1
strafrechtlich,1
respektieren,1
natürlichen,2
Lebensraum,1
raus,1
Wegwerfgesellschaft,1
Insbesondere,1
Verschmutzung,1
Meere,1
Plastik,2
alarmierend,1
Plastikflut,1
zurückdrängen,1
unnötiges,1
vermeiden,1
Einweg,1
Kunststoff,2
vermeidbar,1
recycelbare,1
Lösungen,1
einfordern,1
Möglichst,1
aufbereitet,1
wiederverwendet,1
wiederverwenden,1
recyceln,1
reparieren,1
Biodiversitätspolitik,1
Ökosysteme,1
Wälder,2
Dünger,1
Pestiziden,1
leistungsstarke,1
Kohlenstoffsenken,1
fällt,1
Mooren,1
Wäldern,1
Bestehende,1
Moore,2
trockengelegte,1
Stil,1
vernässt,1
angepasst,1
Biodiversität,1
Landwirtschaft,6
Bekämpfung,4
Artenvielfalt,1
Agrarförderung,1
umweltschonende,1
mithalten,1
Lebensmittel,1
Lebensgrundlage,2
Landwirt,2
Nahrungsmittel,2
Lebensmittelhandel,1
unfairen,1
Handelspraktiken,1
Riegel,1
vorschieben,1
schaden,1
handelnden,1
Wettbewerbern,1
anständige,1
Fortwirtschaft,1
Wanderarbeiter,1
Saisonbetrieben,1
Lebensmittelversorgung,1
Prekäre,1
Lebensbedingungen,2
Wanderarbeitnehmer,1
wichtigstes,1
wirtschaftenden,1
Spekulationsobjekt,1
Investoren,1
Agrarbezug,1
Tierleid,1
rechtfertigen,1
wirtschaftlichem,1
Interesse,2
Nutztierhaltung,1
Tierwohls,1
flächenbezogenen,1
Obergrenze,1
Antibiotikaeinsatz,1
verpflichtenden,1
Tierwohllabels,1
nachvollziehbaren,1
Transport,1
lebenden,1
Tieren,1
Nahrungserzeugung,1
Wirkung,1
relevant,1
gesunde,2
Ernährung,2
finanzierten,1
Standards,4
gesundheitsfördernde,1
Gemeinschaftsverpflegung,1
Ernährungsarmut,1
vorzugehen,1
Schulverpflegung,1
Lebensmittelverschwendung,1
Produzenten,1
untersagen,1
genießbare,1
wegzuwerfen,1
Wildwuchs,1
kreierten,1
Labeln,1
verbindliches,1
Label,1
Lebensmittelsicherheit,1
Hygienebarometers,1
Kontrollergebnisse,1
informieren,1
gentechnisch,1
veränderten,1
Pflanzen,1
Souveränes,1
zivilisatorische,1
Errungenschaft,1
stellt,1
größte,1
Ratspräsidentschaft,2
solidarischeren,1
Wiederaufbauprogramm,1
Paradigmenwechsel,1
Europapolitik,1
robuster,1
handlungsfähiger,1
gestärkten,1
dauerhafter,1
Integrationsfortschritt,1
innere,1
Handlungsblockaden,1
äußere,1
Handlungsautonomie,1
fortentwickeln,1
souveränen,1
mitzugestalten,1
näher,1
multipolaren,1
Eigenständigkeit,2
Völker,1
Frieden,8
gesellschaftlichem,1
einbringen,1
selbstbewusste,1
Friedensmacht,2
auftreten,1
kooperative,1
multilaterale,1
Weltordnung,1
Hoffnung,1
Menschheit,1
essentiell,1
Stabilitäts,1
Wachstumspakt,1
Nachhaltigkeitspakt,1
Kürzungspolitik,1
begonnenen,1
Investitionspolitik,2
fiskalpolitisch,1
Fiskal,1
Sozialunion,1
Staaten,6
Steuerzahler,1
Bankpleiten,1
Kapitalmarktunion,1
Vollendung,1
Bankenunion,1
wettbewerbsfähige,1
Eigenmittel,1
eigenständiger,2
bedeutenden,1
Integrationsschritt,1
Großkonzerne,1
Grenzabgabe,1
Emissionshandel,1
eingespart,1
Wettbewerbsbedingungen,1
hergestellt,1
Wirtschaftliches,1
Zusammenwachsen,1
Seiten,2
Medaille,1
Einstimmigkeitsprinzips,2
Steuerfragen,1
Beendigung,2
Steuerdumpings,1
Mitgliedstaaten,3
Unternehmensbesteuerung,1
ologisch,1
weltweiter,1
Technologieführer,1
Zukunftssektoren,1
unabhängiger,1
gemeinsamer,2
Märkte,2
Artensterben,1
übermäßigem,1
Rohstoffverbrauch,1
entgegenzuwirken,2
konsumieren,1
Klimaschutzabkommen,1
Energiesektor,1
Schlüsselrolle,1
enorm,1
fossilen,1
Energielieferungen,1
2050,1
treibhausgasneutralen,1
Kontinent,2
Vorreiterrolle,2
einnehmen,1
Treibhausgasemittenten,1
Flächenförderung,1
Umweltschutz,1
Tierwohl,1
Handels,2
Wirtschaftspartnerschafts,1
Investitionsabkommen,1
Kernarbeitsnormen,1
menschenrechtlichen,1
Beschwerde,1
Sanktionsmechanismen,1
vereinbart,1
Streitschlichtungsmechanismen,1
Gerichte,1
multinationales,1
Investitionsgericht,1
sprich,1
Handelspartnern,1
eingreift,1
strengere,1
Umweltgesetzgebungen,1
internationaler,3
diskriminierenden,1
Praktiken,1
Klagemöglichkeiten,1
Abkommen,4
MERCOSUR,1
Staatenbund,1
wichtiges,1
Projekt,1
Beziehungen,6
Lateinamerika,1
festigen,1
Menschenrechts,2
Sozialstandards,1
sanktionierbare,1
Überprüfungs,1
Umsetzungs,1
Durchsetzungsmechanismen,1
zustimmen,1
Handelspolitik,2
gefördert,1
Handelspolitische,1
werteorientierten,1
entwickelten,1
kleinbäuerliche,1
agrarökologische,1
demokratischer,1
Entscheidungsrechte,1
Parlamentes,1
ausdehnen,1
Vertreter,1
Verhandlungsprozessen,1
Verwundbarkeit,1
Gesundheitssystems,1
offengelegt,1
souveräne,1
Gesundheitsunion,1
widerstandsfähigen,1
Mindeststandards,2
Katastrophenschutzmechanismus,1
Güter,2
Gesundheitsgefahren,1
reagieren,2
Gesundheitsbehörden,1
weitreichenden,1
Europäer,1
Gleichwertigkeit,1
europaweit,1
reichen,1
Rechtsrahmen,1
Eurozone,1
ökonomischen,2
Schocks,1
Arbeitslosenrückversicherung,1
schwerer,1
Sicherungsfunktionen,1
angemessene,2
Grundsicherungssystemen,1
Kinderarmut,1
Kindergarantie,1
Betriebsräte,1
Mitspracherechte,1
Organisation,1
Kollektivmaßnahmen,1
Tarifverhandlungen,1
geltendem,1
Arbeitsschutz,1
Saisonarbeitnehmern,1
vielerorts,1
Jugendarbeitslosigkeit,1
Jugendgarantie,1
unbefristete,1
Vollzeitstellen,1
Wertegemeinschaft,1
Probe,1
nationalistische,1
Regierungen,1
Unabhängigkeit,1
beschneiden,1
geeinte,1
Vervollständigung,1
Mitentscheidungsrechte,1
Parlaments,1
Initiativrechts,1
Volksvertretung,1
Sonderfonds,1
Konferenz,1
breite,1
Debatte,3
Handlungsfähigkeit,2
initiiert,2
Rechtsstaatsdialog,1
Rechtsstaatsmechanismus,1
wehrhafter,1
Einhaltung,3
Grundwerte,2
Verstöße,1
sanktionieren,1
konsequente,2
Verschärfung,2
Sanktionsmöglichkeiten,1
Desinformationskampagnen,2
Fake,1
News,1
strafbare,1
Frühwarnsysteme,1
Asyl,2
funktionsfähiges,1
Europäisches,1
Asylsystem,2
Gleichgewicht,1
Dublin,1
Verteilungsmechanismus,1
wahrt,1
gewährt,1
europäisiert,1
Unterstützungsbüro,1
Asylfragen,1
vollwertigen,1
Asylagentur,1
Genfer,1
Flüchtlingskonvention,1
verteidigen,1
Pushbacks,1
eklatante,1
Verletzung,1
Völkerrechts,1
Seenotrettung,1
Seerecht,1
kriminalisiert,1
Ansatzes,1
legale,1
Migrationswege,1
Ursachen,1
Flucht,1
Vertreibung,1
bekämpft,1
Brücke,1
Aufnahmebereitschaft,1
Bundeskontingente,1
Sichere,1
Häfen,1
aufgegriffen,1
Impfkontingent,1
Geflüchtete,2
Ratifizierung,2
Europarats,2
Rechtsnorm,1
Nachbarschaften,1
pflegen,1
Krisenprävention,2
Friedens,2
Menschenrechten,3
einnimmt,1
Entwicklungszusammenarbeit,3
humanitären,2
höhere,1
Mehrheitsentscheiden,1
Außenpolitik,2
jetzigen,1
Amt,1
Hohen,1
Vertreters,1
Außen,1
Sicherheitspolitik,1
Außenminister,1
weiterentwickelt,2
globalen,5
auftritt,1
Belebung,1
funktionierenden,1
Multilateralismus,2
Vertrauensnetzwerke,1
Allianz,1
NATO,4
tragender,1
Pfeiler,1
transatlantischen,2
Partnerschaft,5
Parallel,1
sicherheits,1
verteidigungspolitisch,1
Armee,1
Bündelung,1
Rüstungskooperation,2
Synergien,1
sparen,1
unnötige,1
Mehrausgaben,1
Souverän,1
Rüstungskontroll,1
Abrüstungsinitiativen,1
frühzeitig,1
gefährliche,1
Cyberbereich,1
Weltraum,1
Nachbarschaft,1
Süden,2
Einflussnahme,1
konzeptionell,1
Nachbarschaftspolitik,1
Westbalkans,1
Afrika,1
Level,1
einbringt,1
USA,3
beruht,1
globaler,2
Gesundheitspolitik,1
Abrüstung,6
Sicherheitsfragen,1
intensivieren,1
Russland,8
Rüstungskontrolle,4
Pandemien,2
Fortschritte,3
Rückschlägen,1
völkerrechtswidrige,1
Annexion,1
Krim,1
Separatisten,1
Ostukraine,1
Cyberangriffe,2
Anwendung,1
geächteten,1
chemischen,1
Kampfstoffes,1
Nowitschok,1
Ausschaltung,1
innenpolitischer,1
Gegner,1
bricht,1
internationales,2
belastet,1
Nachbarn,1
erforderlicher,1
Wertvoll,1
zivilgesellschaftlichen,1
Kontakte,1
Visaerleichterungen,1
Basierend,1
OSZE,2
Ostpolitik,1
kohärente,1
legt,1
konstruktive,1
Dialogbereitschaft,1
seitens,1
Russlands,1
Abbau,1
Spannungen,1
zählt,1
friedlichen,1
Ukrainekonflikts,1
einhergehend,2
Minsker,1
abhängt,1
Chinas,1
Peking,1
vorstellbar,1
Interessens,1
Wertekonflikte,1
China,3
konstruktiv,2
gravierenden,1
Menschenrechtsverletzungen,1
Minderheiten,1
uigurischen,1
Muslimen,1
verurteilen,1
Honkong,1
verbriefte,1
gewahrt,1
betrachten,2
Druck,1
Taiwan,1
Belarus,1
Wunsch,1
Repression,1
Sicherheitskräfte,1
Gefangenen,1
freigelassen,1
Neuwahlen,1
durchgeführt,1
außenpolitischen,1
Kurs,1
türkischen,1
Türkei,2
rechtstaatliche,1
völkerrechtliche,1
einhalten,1
Intensivierung,1
Dialogs,1
erörtert,1
Israels,1
Existenzrecht,1
Staatsräson,1
aufgrund,1
Wiederbelebung,1
Nahost,1
Friedensprozesses,1
Oslo,1
friedliche,1
Koexistenz,1
zweier,1
souveräner,1
lebensfähiger,1
Verhandlungslösung,1
Normalisierung,1
Israel,1
Region,1
ermutigende,1
Signale,1
Einseitige,1
erschweren,1
Friedensbemühungen,1
unterbleiben,1
palästinensischen,2
Terrors,1
Gebieten,1
Pläne,1
Annexionen,1
kategorisch,1
Stopp,1
völkerrechtswidrigen,1
Siedlungsbaus,1
Brexit,1
Vereinigte,1
Königreich,1
enger,1
Freund,1
Großbritannien,1
Umgangs,1
Wettlauf,1
unten,1
Umweltstandards,1
Arbeitnehmern,1
Verbrauchern,1
angeht,1
Partei,1
Sozialdemokratie,1
universelle,2
Grundverständnis,1
Gerichtshof,1
Gerichtsurteile,1
Beitritt,1
Menschenrechtskonvention,1
Friedenspartei,1
Diplomatie,1
zivile,1
Friedensförderung,1
multilaterales,1
wiederbeleben,1
Nichtregierungsorganisationen,1
Entwicklungskrisen,1
gelöst,1
Ausgangspunkt,1
gerechteren,1
nachhaltigeren,1
weltweit,5
zurücklassen,1
Messlatte,1
Hunger,1
Klimaschutzverpflichtungen,1
gemäß,1
Klimaabkommens,1
einlösen,1
Globalen,4
Südens,3
intakte,1
Kernaufgabe,1
sozialdemokratischer,2
menschenrechtlicher,1
umweltbezogener,1
Sorgfaltspflichten,1
Lieferketten,1
nationales,1
Lieferkettengesetz,1
Rückverfolgung,1
Weltmarkt,1
gehandelter,1
sanktionsbewehrten,1
Gerichten,1
Entschädigung,1
VN,3
Globalisierung,1
weder,2
Forderung,1
Kernarbeitsnorm,1
Internationalen,2
Arbeitsorganisation,1
aufgewertet,1
Zusatzprotokoll,1
Sozialpakt,1
ratifizieren,1
Beschwerdeverfahren,1
Paktes,1
Basisschutzsysteme,1
globales,3
vorbei,1
genügend,1
finanzielle,1
substanzielle,1
Impfkampagne,1
Weltgesundheitsorganisation,2
COVAX,1
Gesundheitssysteme,1
Zugangs,1
Arzneimitteln,1
Impfstoffen,1
gesundheitlichen,1
reproduktiver,1
WHO,1
mutigen,1
Reformprozess,1
ODA,1
Bruttonationaleinkommens,2
ärmsten,1
Entwicklungsländer,1
LDCs,1
verwendet,1
Konflikte,3
Epidemien,1
Naturkatastrophen,1
bedürfen,1
reiches,1
Industrieland,1
Bedarfen,1
Geber,1
auszuweiten,1
Fluchtursachen,1
Partnerländern,1
Globale,1
Internationale,1
Steuerkooperation,1
Unternehmensgewinne,1
entzogen,1
Register,1
Global,1
agierende,1
Dumpingsteuerwettbewerb,1
niedrigsten,1
Unternehmenssteuern,1
Steuerreform,1
Steuerkoordinationsstelle,1
UN,1
OECD,1
Gewinnverkürzung,1
Gewinnverlagerung,1
Steueroasen,1
trockenzulegen,1
Steuersysteme,1
angemessener,1
Eliten,1
funktionsfähige,1
regelbasierte,1
stabiles,1
faires,1
demokratisches,1
Handelssystem,1
multilateraler,1
Welthandelsorganisation,1
WTO,3
Regelwerk,4
Nachhaltigkeitsziele,1
Durchsetzungsmöglichkeiten,1
Instanzen,1
Streitschlichtungsmechanismus,1
beschlussfähig,1
Entwicklungsbedürfnisse,1
Nordens,1
anerkennt,1
befanden,1
Schuldenkrise,1
vergrößert,1
Entwicklungsfinanzierung,1
zusammengebrochen,1
Finanzströme,1
ausgetrocknet,1
Aussetzen,1
Schuldendienstes,1
G20,1
IWF,1
brachte,1
Erleichterung,1
Staateninsolvenzverfahren,1
Gläubiger,1
miteinbezieht,1
Schuldenerlasse,1
gefährdete,1
Ländergruppen,1
formuliert,1
umsetzt,1
friedenspolitischen,2
Gesundheitskrise,1
Ungerechtigkeit,1
entfachen,1
Autonome,1
Waffensysteme,2
Schwelle,1
kriegerische,1
Handlungen,1
Kernwaffen,1
Comeback,1
verwundbar,1
Mechanismus,1
Vorhaben,1
daraufhin,1
widersprechen,1
Entschärfung,1
Führungsrolle,1
Friedenseinsätze,1
ZIF,1
hochprofessionelles,1
Team,1
Friedensemissären,1
Führen,1
Friedensprozesse,1
Aushandlungsprozessen,1
Resolution,1
1325,1
Frauenrechtskonvention,1
angewandt,1
Anti,1
Gender,1
Bewegung,1
entgegenzutreten,1
Verteidigung,1
Primat,1
Inneren,1
Führung,1
Soldat,4
Uniform,1
ausgestatteten,1
zuverlässiger,1
Sparrunden,1
Verteidigungshaushalt,1
bestmögliche,1
Aufrüstung,1
wesentliche,1
Beschaffungsvorhaben,1
vorangetrieben,1
kontinuierlich,1
Dienstes,1
bestmöglichen,1
Drohnen,3
bewaffnet,1
verantwortbar,1
sorgfältigen,1
Würdigung,1
Aspekte,1
unbemannte,1
bewaffnete,1
einbezogen,2
Trend,1
zeitlichen,1
räumlichen,1
Entgrenzung,1
militärischer,1
Befürchtungen,1
funktionalen,1
Autonomie,1
bewaffneten,1
Angriffswaffen,1
Krieg,1
Aserbaidschan,1
Armenien,1
Libyen,1
Konflikt,1
aufgeworfen,1
Nachfolgesystem,1
Kampfflugzeugs,1
Tornado,1
gewissenhafte,1
sachliche,1
sorgfältige,1
Erörterung,1
nuklearen,1
Atomwaffen,2
abrüstungspolitischen,1
Offensive,1
unbedingt,1
gerettet,1
Nuklearen,1
Nichtverbreitungsvertrag,1
NVV,1
reale,1
Abrüstungsschritte,1
Administration,1
Gespräche,1
wiederaufzunehmen,1
Atomabkommens,1
JCPoA,1
Iran,1
getretene,1
Atomwaffenverbotsvertrag,1
Dynamik,1
Bemühungen,2
nuklearwaffenfreie,1
Beobachter,1
Vertragsstaatenkonferenz,1
Atomwaffenverbotsvertrags,1
Intentionen,1
Vertrages,1
verifizierbaren,1
vollständigen,1
substrategischen,1
stationierten,1
abzuziehen,1
vernichten,1
Biotechnologie,1
autonomer,1
tödlicher,1
restriktive,1
Rüstungsexportpolitik,1
Ausfuhr,1
Rüstungsgüter,1
gleichgestellten,1
eingeschränkt,1
Kontrolle,1
endgültigen,1
Verbleib,1
Waffen,1
ausgeweitet,1
absolute,1
begründeten,1
Einzelfall,1
dokumentiert,1
Rüstungsexportgesetz,1
festgeschrieben,1
Rüstungsexportvereinbarungen,1
Mitglied,1
Vertrags,1
Waffenhandel,1
ATT,1
zwingende,1
Unteilbarkeit,1
verhandelbar,1
eintreten,1
geschaffene,1
Sanktionsregime,1
Einreiseverbote,1
Einfrieren,1
Konten,1
weltweiten,1
Menschenrechtsverletzern,1
Strafgerichtshof,1
befassten,1
Bundestags,1
Menschenrechtsarchitektur,1
Friedenssicherung,1
Wahrung,1
ständiger,1
Sitz,1
Repräsentanz,1
Sicherheitsrat,1
solidarisches,1
Leitgedanken,1
entscheidet,1
Innovationsstandort,1
basierend,1
erwirtschaftete,1
Träumen,1
Wünsche,1
mitten,1
gleicher,1
starker,1
begegnet,1
respektvoll,1
zusammenleben,1
Kreativität,1
Extremismus,1
politischem,1
ansagt,1
ziehen,1
Friedenspolitik,1
löst,1
Grenzen,1
zusammenbringt,1
Anstand,1
Gegensätze,1
beruhen,1
Weder,1
